d,method,cpu_ms_median,cpu_ms_min,cpu_ms_max,wall_ms_median,n_params
2,ritz,7.413,6.342,7.972,12.518,8577
2,pinn_forward,12.333,10.546,13.280,18.848,8577
2,pinn_nested,13.613,12.495,14.846,21.416,8577
3,ritz,8.043,7.816,8.366,12.219,8641
3,pinn_forward,14.609,12.920,14.770,20.880,8641
3,pinn_nested,17.351,16.080,19.428,32.969,8641
5,ritz,7.175,6.433,8.154,12.423,8769
5,pinn_forward,14.612,13.121,15.246,35.025,8769
5,pinn_nested,21.920,20.667,23.626,40.280,8769
10,ritz,8.192,5.305,9.326,15.838,9089
10,pinn_forward,23.158,12.136,25.220,36.743,9089
10,pinn_nested,42.199,24.183,44.079,86.378,9089
20,ritz,4.612,3.995,5.994,4.656,9729
20,pinn_forward,14.479,13.510,18.040,16.902,9729
20,pinn_nested,34.059,31.481,38.258,41.698,9729
50,ritz,8.661,4.535,10.334,17.580,11649
50,pinn_forward,69.706,33.993,90.135,134.203,11649
50,pinn_nested,189.858,85.463,221.091,418.296,11649
100,ritz,10.132,7.114,12.061,21.638,14849
100,pinn_forward,162.351,108.293,209.054,283.884,14849
100,pinn_nested,432.134,381.598,562.276,926.968,14849
