d,method,cpu_ms_median,cpu_ms_min,cpu_ms_max,wall_ms_median,n_params,ratio_to_ritz_median,ratio_to_ritz_min,ratio_to_ritz_max
2,ritz,4.223,3.959,4.567,4.428,8577,1.000,1.000,1.000
2,pinn_forward,6.497,6.120,6.716,6.748,8577,1.544,1.448,1.641
2,pinn_nested,7.481,6.770,7.720,7.897,8577,1.724,1.561,1.919
3,ritz,4.328,4.071,4.627,4.622,8641,1.000,1.000,1.000
3,pinn_forward,7.059,6.698,7.823,7.593,8641,1.624,1.496,1.897
3,pinn_nested,9.055,8.609,9.843,10.321,8641,2.120,1.959,2.258
5,ritz,4.549,4.257,4.746,4.724,8769,1.000,1.000,1.000
5,pinn_forward,8.078,7.657,8.288,8.374,8769,1.772,1.738,1.898
5,pinn_nested,12.475,11.629,12.608,12.882,8769,2.695,2.557,2.945
10,ritz,4.685,4.632,5.190,5.024,9089,1.000,1.000,1.000
10,pinn_forward,10.657,10.348,10.903,11.283,9089,2.234,2.101,2.336
10,pinn_nested,20.614,19.867,21.216,21.832,9089,4.435,3.911,4.529
20,ritz,4.979,4.829,5.247,5.468,9729,1.000,1.000,1.000
20,pinn_forward,15.227,14.920,16.167,16.161,9729,3.088,2.902,3.160
20,pinn_nested,37.800,37.182,44.746,45.032,9729,7.721,7.109,8.745
50,ritz,8.019,6.528,8.888,15.630,11649,1.000,1.000,1.000
50,pinn_forward,48.818,46.303,54.276,64.436,11649,6.107,5.657,7.822
50,pinn_nested,139.259,130.179,159.214,257.419,11649,18.215,14.785,19.941
100,ritz,8.355,5.787,9.748,10.963,14849,1.000,1.000,1.000
100,pinn_forward,90.307,87.882,95.137,108.704,14849,10.732,9.759,15.187
100,pinn_nested,243.450,229.545,250.267,365.420,14849,29.458,23.547,42.294
