phase,problem,method,d,seed,w,iters,rel_l2,rel_l2_centered,rel_h1semi,max_abs,bd_rel_l2,val_rel_l2,train_time_s,ms_per_iter,cpu_time_s,cpu_ms_per_iter,lap_impl,final_loss,final_loss_int,final_loss_bd,n_params,base_const_rel_l2
sweep,laplace,ritz,5,100,1.0,4000,0.15979328751564026,0.3026953637599945,0.37882182002067566,0.4000738859176636,0.18987920880317688,0.16004793345928192,14.247587006996355,3.5618967517490887,,,,0.4199817180633545,0.2844202220439911,0.1355614960193634,8769,0.5279013514518738
sweep,laplace,ritz,5,100,10.0,4000,0.02330850623548031,0.04415314644575119,0.08411959558725357,0.09057320654392242,0.03102065809071064,0.023299293592572212,12.650919118997763,3.1627297797494407,,,,0.6206048130989075,0.5845687389373779,0.0036036083474755287,8769,0.5279013514518738
sweep,laplace,ritz,5,100,100.0,4000,0.01023741066455841,0.01939265802502632,0.048624102026224136,0.06360113620758057,0.011118169873952866,0.010285903699696064,13.123320499001807,3.280830124750451,,,,0.690107524394989,0.6491771936416626,0.00040930340765044093,8769,0.5279013514518738
sweep,laplace,ritz,5,100,1000.0,4000,0.0109407939016819,0.020725073292851448,0.04809257760643959,0.06088857725262642,0.010685646906495094,0.010983080603182316,12.416825825998785,3.1042064564996963,,,,1.0378718376159668,0.6562193632125854,0.00038165252772159874,8769,0.5279013514518738
sweep,laplace,pinn,5,100,1.0,4000,0.010154388844966888,0.019235391169786453,0.040388111025094986,0.04774489998817444,0.01418748777359724,0.010301845148205757,73.4734306319931,18.368357657998274,,,,0.00013878202298656106,6.701027450617403e-05,7.177174848038703e-05,8769,0.5279013514518738
sweep,laplace,pinn,5,100,10.0,4000,0.009144979529082775,0.017323274165391922,0.037066828459501266,0.03761881962418556,0.012847714126110077,0.00916951335966587,89.90836490500033,22.47709122625008,,,,0.0011980936396867037,0.0005596507689915597,6.384427979355678e-05,8769,0.5279013514518738
sweep,laplace,pinn,5,100,100.0,4000,0.00802087876945734,0.015193897299468517,0.03362623602151871,0.029966332018375397,0.0112321050837636,0.007916443049907684,92.15715847000502,23.039289617501254,,,,0.008647283539175987,0.00391084048897028,4.73644322482869e-05,8769,0.5279013514518738
sweep,laplace,pinn,5,100,1000.0,4000,0.007179259322583675,0.013599623925983906,0.031250856816768646,0.05016590282320976,0.009378650225698948,0.007158537395298481,109.13509272600277,27.283773181500692,,,,0.10554499179124832,0.07491544634103775,3.062954783672467e-05,8769,0.5279013514518738
sweep,poisson,ritz,5,100,1.0,4000,0.016129279509186745,0.016130201518535614,0.06775689125061035,0.05121755599975586,0.01423802599310875,0.01598874107003212,16.887872728998673,4.221968182249667,,,,-2.3844714164733887,-2.3857460021972656,0.001274611335247755,8769,0.9999428391456604
sweep,poisson,ritz,5,100,10.0,4000,0.016155963763594627,0.016156885772943497,0.07247334718704224,0.053871989250183105,0.01363067701458931,0.01609802432358265,34.584465500995066,8.646116375248766,,,,-2.3722481727600098,-2.3838486671447754,0.001160056795924902,8769,0.9999428391456604
sweep,poisson,ritz,5,100,100.0,4000,0.016767393797636032,0.016768351197242737,0.07662943750619888,0.04888308048248291,0.014618960209190845,0.016785288229584694,46.72218585299106,11.680546463247765,,,,-2.2437729835510254,-2.3803396224975586,0.0013656672090291977,8769,0.9999428391456604
sweep,poisson,ritz,5,100,1000.0,4000,0.016742687672376633,0.016743645071983337,0.07703128457069397,0.045856162905693054,0.014932015910744667,0.016778727993369102,44.01313460099891,11.003283650249726,,,,-0.9497600793838501,-2.3793392181396484,0.001429579104296863,8769,0.9999428391456604
sweep,poisson,pinn,5,100,1.0,4000,0.04089243337512016,0.0408947728574276,0.11638396233320236,0.19520115852355957,0.05312613025307655,0.04080606624484062,178.2842442460078,44.57106106150196,,,,0.006721206940710545,0.004989920184016228,0.0017312869895249605,8769,0.9999428391456604
sweep,poisson,pinn,5,100,10.0,4000,0.013508295640349388,0.013509068638086319,0.0484888032078743,0.07057273387908936,0.019186366349458694,0.013101731427013874,39.688667401003386,9.922166850250848,35.25112700000001,8.812781750000003,forward,0.0063416678458452225,0.004034778103232384,0.00023068898008204997,8769,0.9999428391456604
sweep,poisson,pinn,5,100,100.0,4000,0.01138602290302515,0.011386673897504807,0.041866157203912735,0.06340658664703369,0.016595175489783287,0.011179417371749878,52.154643801009115,13.038660950252279,36.84423900000055,9.211059750000137,forward,0.03632880002260208,0.02017650380730629,0.0001615229411982,8769,0.9999428391456604
sweep,poisson,pinn,5,100,1000.0,4000,0.009865013882517815,0.009865578263998032,0.044308893382549286,0.06107664108276367,0.014213076792657375,0.009759081527590752,48.204032340001504,12.051008085000376,36.91864900000007,9.229662250000018,forward,0.6726834177970886,0.5506776571273804,0.00012200574565213174,8769,0.9999428391456604
main,laplace,ritz,2,0,100.0,4000,0.022203806787729263,0.03359059989452362,0.0678933709859848,0.02006298303604126,0.01226140558719635,0.02219461090862751,22.283492800991553,5.570873200247888,17.58588599999997,4.3964714999999925,n/a,0.3377585709095001,0.32797741889953613,9.781159315025434e-05,8577,0.6610124707221985
main,laplace,pinn,2,0,1000.0,4000,0.007213284727185965,0.010912478901445866,0.02622746303677559,0.006061004474759102,0.005685165990144014,0.007209162227809429,32.4360885539968,8.1090221384992,27.155903000000013,6.788975750000003,forward,0.05012943968176842,0.04478603973984718,5.3434014262165874e-06,8577,0.6610124707221985
main,laplace,ritz,3,0,100.0,4000,0.013015134260058403,0.019624819979071617,0.05251740664243698,0.023234426975250244,0.012310465797781944,0.013172964565455914,41.81265800600886,10.453164501502215,20.13066599999977,5.032666499999943,n/a,0.3402573764324188,0.3263207972049713,0.00013936568575445563,8641,0.6631976366043091
main,laplace,pinn,3,0,1000.0,4000,0.0045697386376559734,0.006890462711453438,0.016563627868890762,0.009246110916137695,0.005984255112707615,0.004534732084721327,129.2125535240143,32.30313838100358,37.352540999999206,9.338135249999802,forward,0.015855351462960243,0.010600864887237549,5.2544869504345115e-06,8641,0.6631976366043091
main,laplace,ritz,5,0,100.0,4000,0.010393324308097363,0.01968800462782383,0.04725723713636398,0.05408284440636635,0.011958369985222816,0.010427575558423996,40.50637635501289,10.126594088753224,23.84132300000026,5.960330750000065,n/a,0.7265238761901855,0.6674609184265137,0.0005906294682063162,8769,0.5279013514518738
main,laplace,pinn,5,0,1000.0,4000,0.008037944324314594,0.01522622536867857,0.03479956462979317,0.051546644419431686,0.01042323000729084,0.008073456585407257,64.24265949902838,16.060664874757094,39.35209500000039,9.838023750000097,forward,0.11819305270910263,0.07702592760324478,4.116712443646975e-05,8769,0.5279013514518738
main,laplace,ritz,20,0,100.0,4000,0.04658538103103638,0.1728266477584839,0.2715490758419037,0.9292179346084595,0.04838038608431816,0.046393346041440964,53.52130374601802,13.380325936504505,20.809354999999947,5.202338749999987,n/a,66.37944793701172,3.2211599349975586,0.6315828561782837,9729,0.26954978704452515
main,laplace,pinn,20,0,1000.0,4000,0.04760318249464035,0.1766025573015213,0.24685490131378174,1.0270707607269287,0.05223289132118225,0.0473688542842865,84.81640674495975,21.204101686239937,68.09277300000002,17.023193250000006,forward,19.32777976989746,0.7842085957527161,0.01854357123374939,9729,0.26954978704452515
main,poisson,ritz,20,0,1.0,4000,0.12613791227340698,0.12613829970359802,0.45813241600990295,0.3673778474330902,0.13279537856578827,0.1266644448041916,19.28539587098294,4.821348967745735,16.460820999999655,4.115205249999914,n/a,-1.507205605506897,-1.8802769184112549,0.3730712831020355,9729,0.9999970197677612
main,poisson,pinn,20,0,1000.0,4000,0.14230555295944214,0.14230598509311676,0.47257986664772034,0.6435093879699707,0.15578660368919373,0.1421976387500763,81.29492331605252,20.32373082901313,68.98540499999939,17.246351249999847,forward,19.49500274658203,6.145105361938477,0.013349896296858788,9729,0.9999970197677612
long,laplace,ritz,10,0,100.0,16000,0.006829667836427689,0.018546752631664276,0.040766697376966476,0.11704540252685547,0.00786537304520607,0.006631465163081884,73.53190058302425,4.595743786439016,60.53230200000175,3.7832688750001093,n/a,1.877377986907959,1.6292383670806885,0.0024813960772007704,9089,0.368240624666214
long,laplace,pinn,10,0,1000.0,16000,0.005589728709310293,0.015179554931819439,0.03051484376192093,0.0933271050453186,0.006942541338503361,0.005490263924002647,149.27518314000008,9.329698946250007,128.9189919999981,8.057436999999881,forward,0.1768711507320404,0.07928575575351715,9.758540545590222e-05,9089,0.368240624666214
equaltime,laplace,ritz,10,0,100.0,10000,0.008899957872927189,0.024168863892555237,0.050937995314598083,0.141595721244812,0.010476924479007721,0.008683653548359871,38.77428550199056,3.877428550199056,29.91978000000188,2.991978000000188,n/a,2.128577709197998,1.673844575881958,0.0045473319478333,9089,0.368240624666214
equaltime,poisson,ritz,10,0,1.0,9000,0.014983818866312504,0.014984198845922947,0.06310734897851944,0.051829248666763306,0.014312773011624813,0.01553364284336567,44.18019092801114,4.908910103112349,33.534174999999095,3.7260194444443435,n/a,-2.461081027984619,-2.4635329246520996,0.0024519148282706738,9089,0.9999746680259705
main,laplace,ritz,20,1,100.0,4000,0.04416459798812866,0.16384579241275787,0.25632336735725403,0.7227611541748047,0.04678065702319145,0.04464596137404442,53.631274333019064,13.407818583254766,20.791004999999924,5.197751249999981,n/a,60.170997619628906,3.225966453552246,0.569450318813324,9729,0.26954978704452515
main,laplace,pinn,20,1,1000.0,4000,0.04381405934691429,0.1625453233718872,0.2403603494167328,0.7397477626800537,0.04841785132884979,0.043974004685878754,85.22318691901091,21.30579672975273,68.33542899999976,17.08385724999994,forward,16.7791690826416,1.035093069076538,0.015744077041745186,9729,0.26954978704452515
main,poisson,ritz,20,1,1.0,4000,0.12657810747623444,0.12657849490642548,0.45906680822372437,0.3688005208969116,0.13304796814918518,0.12738262116909027,19.3769291840008,4.8442322960002,16.530035000000126,4.1325087500000315,n/a,-1.9580578804016113,-2.3279833793640137,0.36992549896240234,9729,0.9999970197677612
main,poisson,pinn,20,1,1000.0,4000,0.1457614302635193,0.1457618623971939,0.4825185239315033,0.6237127780914307,0.15906596183776855,0.148359015583992,80.98106898399783,20.245267245999457,68.50480200000018,17.126200500000046,forward,20.972307205200195,7.216831684112549,0.013755475170910358,9729,0.9999970197677612
long,laplace,ritz,10,1,100.0,16000,0.007438433822244406,0.02019992657005787,0.04432858154177666,0.10016369819641113,0.008473469875752926,0.007254895754158497,73.5292697979703,4.595579362373145,60.53984900000134,3.7837405625000837,n/a,1.9455691576004028,1.6473517417907715,0.002982173813506961,9089,0.368240624666214
long,laplace,pinn,10,1,1000.0,16000,0.005927862599492073,0.016097797080874443,0.03247731924057007,0.07670450210571289,0.007365113589912653,0.0057988595217466354,149.686728079977,9.355420504998563,129.0690630000007,8.066816437500044,forward,0.2214430272579193,0.10933494567871094,0.00011210807861061767,9089,0.368240624666214
equaltime,laplace,ritz,10,1,100.0,10000,0.00929208379238844,0.02523372694849968,0.053370989859104156,0.10509848594665527,0.010784477926790714,0.009142730385065079,38.773249141067936,3.8773249141067936,29.90537299999812,2.9905372999998123,n/a,2.0478131771087646,1.6583366394042969,0.003894766326993704,9089,0.368240624666214
equaltime,poisson,ritz,10,1,1.0,9000,0.013468539342284203,0.013468880206346512,0.05581774562597275,0.043086886405944824,0.012965972535312176,0.013910513371229172,44.327327281002,4.925258586778,33.63698899999878,3.7374432222220864,n/a,-2.234362840652466,-2.2362895011901855,0.0019267054740339518,9089,0.9999746680259705
main,laplace,ritz,20,2,100.0,4000,0.047641415148973465,0.17674440145492554,0.2732993960380554,0.8030998706817627,0.04963397607207298,0.04737812653183937,53.756321422994006,13.439080355748501,20.909394999999943,5.227348749999986,n/a,71.473876953125,3.1854941844940186,0.6828838586807251,9729,0.26954978704452515
main,laplace,pinn,20,2,1000.0,4000,0.04848221689462662,0.17986369132995605,0.24801017343997955,0.7300691604614258,0.05308878421783447,0.048281434923410416,85.1367715639908,21.284192890997698,68.4637089999998,17.11592724999995,forward,20.109359741210938,0.9117555618286133,0.019197605550289154,9729,0.26954978704452515
main,poisson,ritz,20,2,1.0,4000,0.12628743052482605,0.1262878030538559,0.45739153027534485,0.3591187000274658,0.13271959125995636,0.12673601508140564,19.227671130042836,4.806917782510709,16.38237500000021,4.095593750000052,n/a,-1.5160388946533203,-1.891719102859497,0.37568017840385437,9729,0.9999970197677612
main,poisson,pinn,20,2,1000.0,4000,0.1446545571088791,0.1446549892425537,0.48058831691741943,0.6897425651550293,0.15826237201690674,0.14256985485553741,80.71111597802064,20.177778994505164,68.632967,17.15824175,forward,18.32024383544922,5.419597625732422,0.012900646775960922,9729,0.9999970197677612
long,laplace,ritz,10,2,100.0,16000,0.007567602209746838,0.020550698041915894,0.04445669427514076,0.1077566146850586,0.008705941028892994,0.007401992101222277,73.5155798359774,4.594723739748588,60.494680999999446,3.7809175624999654,n/a,1.9571208953857422,1.6546677350997925,0.003024531528353691,9089,0.368240624666214
long,laplace,pinn,10,2,1000.0,16000,0.006129533518105745,0.016645455732941628,0.03285416215658188,0.07318878173828125,0.00757262296974659,0.006002957001328468,150.19312140102375,9.387070087563986,129.55887000000124,8.097429375000077,forward,0.21575459837913513,0.10742668807506561,0.00010832791303982958,9089,0.368240624666214
equaltime,laplace,ritz,10,2,100.0,10000,0.009826648980379105,0.026685401797294617,0.05505705997347832,0.13003873825073242,0.011342753656208515,0.009672410786151886,38.48635732596176,3.8486357325961764,29.792337999998097,2.9792337999998098,n/a,2.1325016021728516,1.6521177291870117,0.004803840070962906,9089,0.368240624666214
equaltime,poisson,ritz,10,2,1.0,9000,0.012822569347918034,0.012822894379496574,0.055252961814403534,0.05002790689468384,0.012410267256200314,0.013142423704266548,43.912497315027395,4.879166368336377,33.566207999996436,3.7295786666662702,n/a,-2.0236904621124268,-2.0253164768218994,0.0016259221592918038,9089,0.9999746680259705
main,laplace,ritz,10,0,100.0,4000,0.01911303400993347,0.051903653889894485,0.09624846279621124,0.21418803930282593,0.01956973969936371,0.0189560204744339,18.013693030045943,4.503423257511486,14.015863000000017,3.5039657500000043,n/a,3.1676125526428223,1.666404366493225,0.01501208171248436,9089,0.368240624666214
main,laplace,pinn,10,0,1000.0,4000,0.013370362110435963,0.03630876541137695,0.06707198172807693,0.20745700597763062,0.016377730295062065,0.013192133978009224,38.66167484898142,9.665418712245355,35.46007099999998,8.865017749999994,forward,0.7857868671417236,0.2877765893936157,0.0004980103112757206,9089,0.368240624666214
main,poisson,ritz,2,0,1.0,4000,0.006032490637153387,0.006032509729266167,0.027836060151457787,0.014137864112854004,0.0043052067048847675,0.005922267213463783,16.35316880998016,4.08829220249504,14.577157999999677,3.6442894999999194,n/a,-2.7462687492370605,-2.7463266849517822,5.786731344414875e-05,8577,0.9999968409538269
main,poisson,pinn,2,0,1000.0,4000,0.001899148803204298,0.001899154856801033,0.010717838071286678,0.007913827896118164,0.004099864512681961,0.0019249817123636603,28.921556906986552,7.230389226746638,24.502949000000854,6.1257372500002125,forward,0.03236860781908035,0.019472982734441757,1.2895626241515856e-05,8577,0.9999968409538269
main,poisson,ritz,3,0,1.0,4000,0.015286790207028389,0.015286792069673538,0.05748838186264038,0.03084045648574829,0.012197889387607574,0.015374485403299332,17.293377737983974,4.3233444344959935,16.030278999999723,4.007569749999931,n/a,-3.103440523147583,-3.1040377616882324,0.0005973560037091374,8641,0.9999998211860657
main,poisson,pinn,3,0,1000.0,4000,0.0034683190751820803,0.0034683197736740112,0.016414141282439232,0.027180194854736328,0.006327606737613678,0.003540629521012306,32.85846408499765,8.214616021249412,28.158315000000044,7.039578750000011,forward,0.07200562953948975,0.04358348622918129,2.842214234988205e-05,8641,0.9999998211860657
main,poisson,ritz,5,0,1.0,4000,0.015393812209367752,0.015394692309200764,0.06888977438211441,0.04467761516571045,0.012896682135760784,0.015275777317583561,18.513388514959843,4.628347128739961,15.693660999999707,3.923415249999927,n/a,-2.7533857822418213,-2.754382848739624,0.0009971164399757981,8769,0.9999428391456604
main,poisson,pinn,5,0,1000.0,4000,0.009303756058216095,0.0093042878434062,0.04141034558415413,0.064536452293396,0.012813596054911613,0.009031596593558788,35.523591386010594,8.880897846502648,30.34050700000077,7.585126750000192,forward,0.644008219242096,0.5486052632331848,9.540295286569744e-05,8769,0.9999428391456604
main,poisson,ritz,10,0,1.0,4000,0.07258197665214539,0.07258381694555283,0.22737132012844086,0.18046855926513672,0.07185865938663483,0.07377501577138901,20.123767025003872,5.030941756250968,16.42716899999914,4.106792249999785,n/a,-2.0839784145355225,-2.1411149501800537,0.05713648721575737,9089,0.9999746680259705
main,poisson,pinn,10,0,1000.0,4000,0.02123118005692959,0.021231716498732567,0.08722866326570511,0.09860968589782715,0.027323253452777863,0.021561508998274803,43.74514724699202,10.936286811748005,37.6928490000013,9.423212250000326,forward,1.503066897392273,1.1225563287734985,0.00038051060982979834,9089,0.9999746680259705
main,laplace,ritz,2,1,100.0,4000,0.018987640738487244,0.02872508391737938,0.06511469185352325,0.02002030611038208,0.012923614121973515,0.01898832619190216,39.034155019994614,9.758538754998654,18.75871099999997,4.689677749999992,n/a,0.3524215519428253,0.3418479561805725,0.00010573606414254755,8577,0.6610124707221985
main,laplace,pinn,2,1,1000.0,4000,0.007100529503077269,0.01074189879000187,0.025200502946972847,0.006721482612192631,0.005818311125040054,0.007067415397614241,23.990773692035873,5.997693423008968,21.651418000000323,5.412854500000081,forward,0.04826678708195686,0.04261624068021774,5.650547336699674e-06,8577,0.6610124707221985
main,laplace,ritz,3,1,100.0,4000,0.018023282289505005,0.02717633545398712,0.06306776404380798,0.02830815315246582,0.01395441871136427,0.018117282539606094,15.083437310009685,3.7708593275024214,13.632496999999951,3.4081242499999878,n/a,0.34604349732398987,0.32790401577949524,0.00018139478925149888,8641,0.6631976366043091
main,laplace,pinn,3,1,1000.0,4000,0.009540922939777374,0.014386243186891079,0.03369678184390068,0.016572117805480957,0.010137002915143967,0.009518936276435852,27.923000492995016,6.980750123248754,25.022304000000076,6.255576000000019,forward,0.06514757871627808,0.04964691400527954,1.55006637214683e-05,8641,0.6631976366043091
main,laplace,ritz,5,1,100.0,4000,0.011921212077140808,0.022582273930311203,0.053881969302892685,0.06366109848022461,0.012702997773885727,0.012074099853634834,17.13520849798897,4.283802124497242,15.53065100000056,3.88266275000014,n/a,0.7190713286399841,0.6573759317398071,0.0006169537082314491,8769,0.5279013514518738
main,laplace,pinn,5,1,1000.0,4000,0.006977866403758526,0.013218126259744167,0.030888661742210388,0.03610683232545853,0.008822244592010975,0.007097449619323015,30.58574260095429,7.646435650238573,27.28882399999992,6.82220599999998,forward,0.11347675323486328,0.08486929535865784,2.860745371435769e-05,8769,0.5279013514518738
main,laplace,ritz,10,1,100.0,4000,0.017303304746747017,0.04698912426829338,0.08828885853290558,0.1487114429473877,0.017362041398882866,0.01719578541815281,19.28295214098398,4.820738035245995,16.356628999999444,4.089157249999861,n/a,2.788745403289795,1.675499677658081,0.011132458224892616,9089,0.368240624666214
main,laplace,pinn,10,1,1000.0,4000,0.01171017624437809,0.03180033713579178,0.060922443866729736,0.1301029920578003,0.014448311179876328,0.01163717731833458,42.37492043897964,10.59373010974491,37.970637999999724,9.492659499999931,forward,0.7010340690612793,0.3275887072086334,0.0003734453930519521,9089,0.368240624666214
main,poisson,ritz,2,1,1.0,4000,0.006780324503779411,0.0067803459241986275,0.025476999580860138,0.011887550354003906,0.00489764241501689,0.0066850739531219006,18.826549803020498,4.7066374507551245,15.840261000000226,3.9600652500000564,n/a,-2.136779546737671,-2.1368560791015625,7.658969843760133e-05,8577,0.9999968409538269
main,poisson,pinn,2,1,1000.0,4000,0.0010909911943599582,0.001090994686819613,0.005877555813640356,0.005678892135620117,0.0022381781600415707,0.0010916923638433218,29.65071178900962,7.412677947252405,25.53910900000045,6.384777250000113,forward,0.018553491681814194,0.014655104838311672,3.898387603840092e-06,8577,0.9999968409538269
main,poisson,ritz,3,1,1.0,4000,0.01214688178151846,0.012146883644163609,0.05352695658802986,0.03282320499420166,0.01079622283577919,0.012260022573173046,20.096787368021978,5.0241968420054945,16.622070000000548,4.155517500000137,n/a,-2.337312936782837,-2.3377456665039062,0.00043283833656460047,8641,0.9999998211860657
main,poisson,pinn,3,1,1000.0,4000,0.003713802667334676,0.003713803132995963,0.018210813403129578,0.025772571563720703,0.006833044346421957,0.003724452806636691,32.57227629502722,8.143069073756806,26.997046000000466,6.749261500000117,forward,0.09914162755012512,0.06972981989383698,2.9411805371637456e-05,8641,0.9999998211860657
main,poisson,ritz,5,1,1.0,4000,0.014620032161474228,0.014620867557823658,0.06664584577083588,0.04528212547302246,0.012948800809681416,0.014506248757243156,20.006011706960635,5.001502926740159,16.71083300000106,4.177708250000265,n/a,-2.3619182109832764,-2.362924098968506,0.001005982281640172,8769,0.9999428391456604
main,poisson,pinn,5,1,1000.0,4000,0.00875258632004261,0.008753087371587753,0.038613803684711456,0.06716668605804443,0.012407991103827953,0.008499322459101677,33.927983396987656,8.481995849246914,29.079343999999992,7.269835999999997,forward,0.47825220227241516,0.38816267251968384,9.008952474687248e-05,8769,0.9999428391456604
main,poisson,ritz,10,1,1.0,4000,0.10147842019796371,0.10148099064826965,0.32790607213974,0.26607728004455566,0.1031375452876091,0.10401292890310287,21.527734214985685,5.381933553746421,17.534227999997313,4.383556999999328,n/a,-2.3010923862457275,-2.424964189529419,0.1238718256354332,9089,0.9999746680259705
main,poisson,pinn,10,1,1000.0,4000,0.026711173355579376,0.026711851358413696,0.09949158877134323,0.1310199797153473,0.033168260008096695,0.02765197865664959,58.872622858989416,14.718155714747354,46.673962999998764,11.668490749999691,forward,1.7529882192611694,1.164078950881958,0.0005889092572033405,9089,0.9999746680259705
main,laplace,ritz,2,2,100.0,4000,0.015272525139153004,0.023104745894670486,0.04851430281996727,0.015234649181365967,0.01152544654905796,0.015008307993412018,18.873205058025633,4.718301264506408,15.261994000000048,3.815498500000012,n/a,0.3299891948699951,0.3213489353656769,8.640270971227437e-05,8577,0.6610124707221985
main,laplace,pinn,2,2,1000.0,4000,0.00392149155959487,0.005932552739977837,0.012886918149888515,0.004725434817373753,0.002880728803575039,0.0038524337578564882,26.318951998006014,6.5797379995015035,23.755237999999952,5.938809499999988,forward,0.013445640914142132,0.012112617492675781,1.3330236470210366e-06,8577,0.6610124707221985
main,laplace,ritz,3,2,100.0,4000,0.011602294631302357,0.017494475468993187,0.04724755510687828,0.022913753986358643,0.01147086638957262,0.011724140495061874,16.127918410003076,4.031979602500769,14.497264999999985,3.624316249999996,n/a,0.3317136764526367,0.32108181715011597,0.00010631870827637613,8641,0.6631976366043091
main,laplace,pinn,3,2,1000.0,4000,0.0060571287758648396,0.009133217856287956,0.021858984604477882,0.009702710434794426,0.006851459853351116,0.006056026555597782,30.282834680989254,7.570708670247313,25.81593400000046,6.453983500000115,forward,0.029781747609376907,0.022986475378274918,6.7952728386444505e-06,8641,0.6631976366043091
main,laplace,ritz,5,2,100.0,4000,0.011064588092267513,0.020959574729204178,0.05035117641091347,0.05489552021026611,0.011640703305602074,0.010962195694446564,17.382987034027792,4.345746758506948,16.018955000000034,4.0047387500000085,n/a,0.7143505215644836,0.660995602607727,0.0005335489404387772,8769,0.5279013514518738
main,laplace,pinn,5,2,1000.0,4000,0.007790599949657917,0.014757681638002396,0.03312467783689499,0.0456903837621212,0.009912675246596336,0.007662953343242407,35.61159057999703,8.902897644999257,30.936757999999955,7.734189499999989,forward,0.11910927295684814,0.08280548453330994,3.6303790693636984e-05,8769,0.5279013514518738
main,laplace,ritz,10,2,100.0,4000,0.020474473014473915,0.05560079962015152,0.1042821928858757,0.19066762924194336,0.02056301012635231,0.020243177190423012,18.53700980700887,4.634252451752218,15.819595000000078,3.9548987500000194,n/a,3.20446515083313,1.6511797904968262,0.015532853081822395,9089,0.368240624666214
main,laplace,pinn,10,2,1000.0,4000,0.012731456197798252,0.034573737531900406,0.06565502285957336,0.1409144401550293,0.015732284635305405,0.012442233972251415,43.82537282102476,10.95634320525619,37.36369000000062,9.340922500000154,forward,0.8882777690887451,0.4411003589630127,0.00044717738637700677,9089,0.368240624666214
main,poisson,ritz,2,2,1.0,4000,0.004407076630741358,0.004407090600579977,0.02775566093623638,0.014266729354858398,0.004128618631511927,0.004395100753754377,19.43368035301137,4.858420088252842,16.081410999998752,4.020352749999688,n/a,-2.538466453552246,-2.5385115146636963,4.501627336139791e-05,8577,0.9999968409538269
main,poisson,pinn,2,2,1000.0,4000,0.0010244117584079504,0.0010244150180369616,0.005445219576358795,0.004151821136474609,0.002133993897587061,0.0010326176416128874,30.4407312100102,7.61018280250255,25.722252999999455,6.430563249999864,forward,0.017148924991488457,0.013613240793347359,3.535684072630829e-06,8577,0.9999968409538269
main,poisson,ritz,3,2,1.0,4000,0.015359989367425442,0.015359992161393166,0.06389790028333664,0.03502887487411499,0.012518785893917084,0.015463589690625668,19.634501854995506,4.908625463748876,15.922382999999627,3.9805957499999067,n/a,-2.526113986968994,-2.5266740322113037,0.0005599284777417779,8641,0.9999998211860657
main,poisson,pinn,3,2,1000.0,4000,0.004209647420793772,0.004209647886455059,0.01988506130874157,0.022583603858947754,0.0076336669735610485,0.004199960269033909,29.550171149980997,7.387542787495249,26.457218999998588,6.614304749999647,forward,0.09429403394460678,0.0570438951253891,3.725013812072575e-05,8641,0.9999998211860657
main,poisson,ritz,5,2,1.0,4000,0.015253390185534954,0.015254261903464794,0.06615149229764938,0.04681485891342163,0.013449985533952713,0.01513978373259306,29.709237075016972,7.427309268754243,20.68520999999754,5.171302499999385,n/a,-2.270505666732788,-2.2715940475463867,0.0010884824441745877,8769,0.9999428391456604
main,poisson,pinn,5,2,1000.0,4000,0.009817197918891907,0.009817758575081825,0.04307714104652405,0.055481553077697754,0.01315303798764944,0.009582504630088806,46.25060328600466,11.562650821501165,38.18435800000054,9.546089500000136,forward,0.6674726009368896,0.562193751335144,0.00010527884296607226,8769,0.9999428391456604
main,poisson,ritz,10,2,1.0,4000,0.050568271428346634,0.050569552928209305,0.14701034128665924,0.14614629745483398,0.048469267785549164,0.051027484238147736,21.993499943981988,5.498374985995497,20.100764000000254,5.0251910000000635,n/a,-2.6043548583984375,-2.6311709880828857,0.026816103607416153,9089,0.9999746680259705
main,poisson,pinn,10,2,1000.0,4000,0.01709558442234993,0.01709601655602455,0.07058115303516388,0.07985246181488037,0.022233201190829277,0.017183922231197357,38.25998311996045,9.564995779990113,35.767981000000475,8.941995250000119,forward,1.1255583763122559,0.8679242134094238,0.0002576342085376382,9089,0.9999746680259705
