problem,method,d,w,n_seeds,rel_l2_geomean,rel_l2_mean,rel_l2_std,rel_l2_min,rel_l2_max,rel_l2_centered_mean,rel_l2_centered_std,rel_l2_centered_min,rel_l2_centered_max,rel_h1semi_mean,rel_h1semi_std,rel_h1semi_min,rel_h1semi_max,max_abs_mean,max_abs_std,max_abs_min,max_abs_max,bd_rel_l2_mean,bd_rel_l2_std,bd_rel_l2_min,bd_rel_l2_max,cpu_time_s_mean,cpu_time_s_std,cpu_time_s_min,cpu_time_s_max,cpu_ms_per_iter_mean,cpu_ms_per_iter_std,cpu_ms_per_iter_min,cpu_ms_per_iter_max,base_const_rel_l2_mean,base_const_rel_l2_std,base_const_rel_l2_min,base_const_rel_l2_max,n_params_mean,n_params_std,n_params_min,n_params_max,affine_rel_l2,const_rel_l2
laplace,pinn,2,1.0000e+03,3,5.8563e-03,6.0784e-03,1.8688e-03,3.9215e-03,7.2133e-03,9.1956e-03,2.8272e-03,5.9326e-03,1.0912e-02,2.1438e-02,7.4235e-03,1.2887e-02,2.6227e-02,5.8360e-03,1.0169e-03,4.7254e-03,6.7215e-03,4.7947e-03,1.6589e-03,2.8807e-03,5.8183e-03,2.4188e+01,2.7776e+00,2.1651e+01,2.7156e+01,6.0469e+00,6.9440e-01,5.4129e+00,6.7890e+00,6.6101e-01,0.0000e+00,6.6101e-01,6.6101e-01,8577,0.0000e+00,8577,8577,2.4928e-01,6.6101e-01
laplace,pinn,3,1.0000e+03,3,6.4158e-03,6.7226e-03,2.5515e-03,4.5697e-03,9.5409e-03,1.0137e-02,3.8473e-03,6.8905e-03,1.4386e-02,2.4040e-02,8.7723e-03,1.6564e-02,3.3697e-02,1.1840e-02,4.1042e-03,9.2461e-03,1.6572e-02,7.6576e-03,2.1906e-03,5.9843e-03,1.0137e-02,2.9397e+01,6.9012e+00,2.5022e+01,3.7353e+01,7.3492e+00,1.7253e+00,6.2556e+00,9.3381e+00,6.6320e-01,0.0000e+00,6.6320e-01,6.6320e-01,8641,0.0000e+00,8641,8641,2.5095e-01,6.6320e-01
laplace,pinn,5,1.0000e+03,3,7.5883e-03,7.6021e-03,5.5460e-04,6.9779e-03,8.0379e-03,1.4401e-02,1.0506e-03,1.3218e-02,1.5226e-02,3.2938e-02,1.9621e-03,3.0889e-02,3.4800e-02,4.4448e-02,7.7945e-03,3.6107e-02,5.1547e-02,9.7194e-03,8.1781e-04,8.8222e-03,1.0423e-02,3.2526e+01,6.1866e+00,2.7289e+01,3.9352e+01,8.1315e+00,1.5467e+00,6.8222e+00,9.8380e+00,5.2790e-01,0.0000e+00,5.2790e-01,5.2790e-01,8769,0.0000e+00,8769,8769,1.9899e-01,5.2790e-01
laplace,pinn,10,1.0000e+03,3,1.2585e-02,1.2604e-02,8.3740e-04,1.1710e-02,1.3370e-02,3.4228e-02,2.2741e-03,3.1800e-02,3.6309e-02,6.4550e-02,3.2203e-03,6.0922e-02,6.7072e-02,1.5949e-01,4.1890e-02,1.3010e-01,2.0746e-01,1.5519e-02,9.8216e-04,1.4448e-02,1.6378e-02,3.6931e+01,1.3099e+00,3.5460e+01,3.7971e+01,9.2329e+00,3.2748e-01,8.8650e+00,9.4927e+00,3.6824e-01,0.0000e+00,3.6824e-01,3.6824e-01,9089,0.0000e+00,9089,9089,1.3915e-01,3.6824e-01
laplace,pinn,20,1.0000e+03,3,4.6588e-02,4.6633e-02,2.4807e-03,4.3814e-02,4.8482e-02,1.7300e-01,9.2030e-03,1.6255e-01,1.7986e-01,2.4508e-01,4.1238e-03,2.4036e-01,2.4801e-01,8.3230e-01,1.6875e-01,7.3007e-01,1.0271e+00,5.1247e-02,2.4868e-03,4.8418e-02,5.3089e-02,6.8297e+01,1.8838e-01,6.8093e+01,6.8464e+01,1.7074e+01,4.7096e-02,1.7023e+01,1.7116e+01,2.6955e-01,0.0000e+00,2.6955e-01,2.6955e-01,9729,0.0000e+00,9729,9729,1.0205e-01,2.6955e-01
laplace,ritz,2,1.0000e+02,3,1.8604e-02,1.8821e-02,3.4686e-03,1.5273e-02,2.2204e-02,2.8473e-02,5.2475e-03,2.3105e-02,3.3591e-02,6.0507e-02,1.0479e-02,4.8514e-02,6.7893e-02,1.8439e-02,2.7754e-03,1.5235e-02,2.0063e-02,1.2237e-02,6.9941e-04,1.1525e-02,1.2924e-02,1.7202e+01,1.7797e+00,1.5262e+01,1.8759e+01,4.3005e+00,4.4491e-01,3.8155e+00,4.6897e+00,6.6101e-01,0.0000e+00,6.6101e-01,6.6101e-01,8577,0.0000e+00,8577,8577,2.4928e-01,6.6101e-01
laplace,ritz,3,1.0000e+02,3,1.3962e-02,1.4214e-02,3.3741e-03,1.1602e-02,1.8023e-02,2.1432e-02,5.0876e-03,1.7494e-02,2.7176e-02,5.4278e-02,8.0556e-03,4.7248e-02,6.3068e-02,2.4819e-02,3.0261e-03,2.2914e-02,2.8308e-02,1.2579e-02,1.2633e-03,1.1471e-02,1.3954e-02,1.6087e+01,3.5287e+00,1.3632e+01,2.0131e+01,4.0217e+00,8.8217e-01,3.4081e+00,5.0327e+00,6.6320e-01,0.0000e+00,6.6320e-01,6.6320e-01,8641,0.0000e+00,8641,8641,2.5095e-01,6.6320e-01
laplace,ritz,5,1.0000e+02,3,1.1109e-02,1.1126e-02,7.6582e-04,1.0393e-02,1.1921e-02,2.1077e-02,1.4507e-03,1.9688e-02,2.2582e-02,5.0497e-02,3.3148e-03,4.7257e-02,5.3882e-02,5.7546e-02,5.3110e-03,5.4083e-02,6.3661e-02,1.2101e-02,5.4526e-04,1.1641e-02,1.2703e-02,1.8464e+01,4.6636e+00,1.5531e+01,2.3841e+01,4.6159e+00,1.1659e+00,3.8827e+00,5.9603e+00,5.2790e-01,0.0000e+00,5.2790e-01,5.2790e-01,8769,0.0000e+00,8769,8769,1.9899e-01,5.2790e-01
laplace,ritz,10,1.0000e+02,3,1.8919e-02,1.8964e-02,1.5909e-03,1.7303e-02,2.0474e-02,5.1498e-02,4.3202e-03,4.6989e-02,5.5601e-02,9.6273e-02,7.9967e-03,8.8289e-02,1.0428e-01,1.8452e-01,3.3168e-02,1.4871e-01,2.1419e-01,1.9165e-02,1.6384e-03,1.7362e-02,2.0563e-02,1.5397e+01,1.2262e+00,1.4016e+01,1.6357e+01,3.8493e+00,3.0654e-01,3.5040e+00,4.0892e+00,3.6824e-01,0.0000e+00,3.6824e-01,3.6824e-01,9089,0.0000e+00,9089,9089,1.3915e-01,3.6824e-01
laplace,ritz,20,1.0000e+02,3,4.6107e-02,4.6130e-02,1.7825e-03,4.4165e-02,4.7641e-02,1.7114e-01,6.6128e-03,1.6385e-01,1.7674e-01,2.6706e-01,9.3369e-03,2.5632e-01,2.7330e-01,8.1836e-01,1.0407e-01,7.2276e-01,9.2922e-01,4.8265e-02,1.4302e-03,4.6781e-02,4.9634e-02,2.0837e+01,6.3719e-02,2.0791e+01,2.0909e+01,5.2091e+00,1.5930e-02,5.1978e+00,5.2273e+00,2.6955e-01,0.0000e+00,2.6955e-01,2.6955e-01,9729,0.0000e+00,9729,9729,1.0205e-01,2.6955e-01
poisson,pinn,2,1.0000e+03,3,1.2851e-03,1.3382e-03,4.8695e-04,1.0244e-03,1.8991e-03,1.3382e-03,4.8695e-04,1.0244e-03,1.8992e-03,7.3469e-03,2.9273e-03,5.4452e-03,1.0718e-02,5.9148e-03,1.8921e-03,4.1518e-03,7.9138e-03,2.8240e-03,1.1061e-03,2.1340e-03,4.0999e-03,2.5255e+01,6.5750e-01,2.4503e+01,2.5722e+01,6.3137e+00,1.6438e-01,6.1257e+00,6.4306e+00,1.0000e+00,0.0000e+00,1.0000e+00,1.0000e+00,8577,0.0000e+00,8577,8577,1.2063e-01,1.0000e+00
poisson,pinn,3,1.0000e+03,3,3.7850e-03,3.7973e-03,3.7764e-04,3.4683e-03,4.2096e-03,3.7973e-03,3.7764e-04,3.4683e-03,4.2096e-03,1.8170e-02,1.7358e-03,1.6414e-02,1.9885e-02,2.5179e-02,2.3551e-03,2.2584e-02,2.7180e-02,6.9314e-03,6.5857e-04,6.3276e-03,7.6337e-03,2.7204e+01,8.6926e-01,2.6457e+01,2.8158e+01,6.8010e+00,2.1732e-01,6.6143e+00,7.0396e+00,1.0000e+00,0.0000e+00,1.0000e+00,1.0000e+00,8641,0.0000e+00,8641,8641,1.2133e-01,1.0000e+00
poisson,pinn,5,1.0000e+03,3,9.2810e-03,9.2912e-03,5.3242e-04,8.7526e-03,9.8172e-03,9.2917e-03,5.3245e-04,8.7531e-03,9.8178e-03,4.1034e-02,2.2554e-03,3.8614e-02,4.3077e-02,6.2395e-02,6.1299e-03,5.5482e-02,6.7167e-02,1.2792e-02,3.7301e-04,1.2408e-02,1.3153e-02,3.2535e+01,4.9332e+00,2.9079e+01,3.8184e+01,8.1337e+00,1.2333e+00,7.2698e+00,9.5461e+00,9.9994e-01,0.0000e+00,9.9994e-01,9.9994e-01,8769,0.0000e+00,8769,8769,1.2119e-01,9.9994e-01
poisson,pinn,10,1.0000e+03,3,2.1323e-02,2.1679e-02,4.8234e-03,1.7096e-02,2.6711e-02,2.1680e-02,4.8236e-03,1.7096e-02,2.6712e-02,8.5767e-02,1.4511e-02,7.0581e-02,9.9492e-02,1.0316e-01,2.5886e-02,7.9852e-02,1.3102e-01,2.7575e-02,5.4719e-03,2.2233e-02,3.3168e-02,4.0045e+01,5.8210e+00,3.5768e+01,4.6674e+01,1.0011e+01,1.4553e+00,8.9420e+00,1.1668e+01,9.9997e-01,0.0000e+00,9.9997e-01,9.9997e-01,9089,0.0000e+00,9089,9089,1.1946e-01,9.9997e-01
poisson,pinn,20,1.0000e+03,3,1.4423e-01,1.4424e-01,1.7648e-03,1.4231e-01,1.4576e-01,1.4424e-01,1.7648e-03,1.4231e-01,1.4576e-01,4.7856e-01,5.2700e-03,4.7258e-01,4.8252e-01,6.5232e-01,3.3885e-02,6.2371e-01,6.8974e-01,1.5770e-01,1.7093e-03,1.5579e-01,1.5907e-01,6.8708e+01,2.4887e-01,6.8505e+01,6.8985e+01,1.7177e+01,6.2218e-02,1.7126e+01,1.7246e+01,1.0000e+00,0.0000e+00,1.0000e+00,1.0000e+00,9729,0.0000e+00,9729,9729,1.1929e-01,1.0000e+00
poisson,ritz,2,1.0000e+00,3,5.6489e-03,5.7400e-03,1.2134e-03,4.4071e-03,6.7803e-03,5.7400e-03,1.2134e-03,4.4071e-03,6.7803e-03,2.7023e-02,1.3394e-03,2.5477e-02,2.7836e-02,1.3431e-02,1.3380e-03,1.1888e-02,1.4267e-02,4.4438e-03,4.0282e-04,4.1286e-03,4.8976e-03,1.5500e+01,8.0791e-01,1.4577e+01,1.6081e+01,3.8749e+00,2.0198e-01,3.6443e+00,4.0204e+00,1.0000e+00,0.0000e+00,1.0000e+00,1.0000e+00,8577,0.0000e+00,8577,8577,1.2063e-01,1.0000e+00
poisson,ritz,3,1.0000e+00,3,1.4182e-02,1.4265e-02,1.8343e-03,1.2147e-02,1.5360e-02,1.4265e-02,1.8343e-03,1.2147e-02,1.5360e-02,5.8304e-02,5.2334e-03,5.3527e-02,6.3898e-02,3.2898e-02,2.0952e-03,3.0840e-02,3.5029e-02,1.1838e-02,9.1605e-04,1.0796e-02,1.2519e-02,1.6192e+01,3.7670e-01,1.5922e+01,1.6622e+01,4.0479e+00,9.4175e-02,3.9806e+00,4.1555e+00,1.0000e+00,0.0000e+00,1.0000e+00,1.0000e+00,8641,0.0000e+00,8641,8641,1.2133e-01,1.0000e+00
poisson,ritz,5,1.0000e+00,3,1.5085e-02,1.5089e-02,4.1223e-04,1.4620e-02,1.5394e-02,1.5090e-02,4.1225e-04,1.4621e-02,1.5395e-02,6.7229e-02,1.4593e-03,6.6151e-02,6.8890e-02,4.5592e-02,1.1017e-03,4.4678e-02,4.6815e-02,1.3098e-02,3.0552e-04,1.2897e-02,1.3450e-02,1.7697e+01,2.6377e+00,1.5694e+01,2.0685e+01,4.4241e+00,6.5943e-01,3.9234e+00,5.1713e+00,9.9994e-01,0.0000e+00,9.9994e-01,9.9994e-01,8769,0.0000e+00,8769,8769,1.2119e-01,9.9994e-01
poisson,ritz,10,1.0000e+00,3,7.1949e-02,7.4876e-02,2.5532e-02,5.0568e-02,1.0148e-01,7.4878e-02,2.5533e-02,5.0570e-02,1.0148e-01,2.3410e-01,9.0635e-02,1.4701e-01,3.2791e-01,1.9756e-01,6.1766e-02,1.4615e-01,2.6608e-01,7.4488e-02,2.7429e-02,4.8469e-02,1.0314e-01,1.8021e+01,1.8845e+00,1.6427e+01,2.0101e+01,4.5052e+00,4.7112e-01,4.1068e+00,5.0252e+00,9.9997e-01,0.0000e+00,9.9997e-01,9.9997e-01,9089,0.0000e+00,9089,9089,1.1946e-01,9.9997e-01
poisson,ritz,20,1.0000e+00,3,1.2633e-01,1.2633e-01,2.2384e-04,1.2614e-01,1.2658e-01,1.2633e-01,2.2384e-04,1.2614e-01,1.2658e-01,4.5820e-01,8.3950e-04,4.5739e-01,4.5907e-01,3.6510e-01,5.2277e-03,3.5912e-01,3.6880e-01,1.3285e-01,1.7194e-04,1.3272e-01,1.3305e-01,1.6458e+01,7.3878e-02,1.6382e+01,1.6530e+01,4.1144e+00,1.8470e-02,4.0956e+00,4.1325e+00,1.0000e+00,0.0000e+00,1.0000e+00,1.0000e+00,9729,0.0000e+00,9729,9729,1.1929e-01,1.0000e+00
