problem,method,d,seed,w,val_rel_l2,test_rel_l2,bd_rel_l2
laplace,ritz,5,100,1.0,1.6005e-01,1.5979e-01,1.8988e-01
laplace,ritz,5,100,10.0,2.3299e-02,2.3309e-02,3.1021e-02
laplace,ritz,5,100,100.0,1.0286e-02,1.0237e-02,1.1118e-02
laplace,ritz,5,100,1000.0,1.0983e-02,1.0941e-02,1.0686e-02
laplace,pinn,5,100,1.0,1.0302e-02,1.0154e-02,1.4187e-02
laplace,pinn,5,100,10.0,9.1695e-03,9.1450e-03,1.2848e-02
laplace,pinn,5,100,100.0,7.9164e-03,8.0209e-03,1.1232e-02
laplace,pinn,5,100,1000.0,7.1585e-03,7.1793e-03,9.3787e-03
poisson,ritz,5,100,1.0,1.5989e-02,1.6129e-02,1.4238e-02
poisson,ritz,5,100,10.0,1.6098e-02,1.6156e-02,1.3631e-02
poisson,ritz,5,100,100.0,1.6785e-02,1.6767e-02,1.4619e-02
poisson,ritz,5,100,1000.0,1.6779e-02,1.6743e-02,1.4932e-02
poisson,pinn,5,100,1.0,4.0806e-02,4.0892e-02,5.3126e-02
poisson,pinn,5,100,10.0,1.3102e-02,1.3508e-02,1.9186e-02
poisson,pinn,5,100,100.0,1.1179e-02,1.1386e-02,1.6595e-02
poisson,pinn,5,100,1000.0,9.7591e-03,9.8650e-03,1.4213e-02
