phase,status,problem_id,problem,feature_matched_for_lift,method,arm,d,seed,w,iters,schedule,budget,rel_l2,rel_l2_centered,ratio_plain_over_arm,plain_rel_l2,cpu_total_s,plain_cpu_total_s,T_half,gamma_end,load1
repro,prereg_C1 (reproduction of the main study),P1,laplace,no,pinn,plain,20,0,1000.0,4000,True,4000 it (seeds 0-2),0.04760318249464035,0.1766025573015213,,,47.95137700000021,,1750,0.714660047058556,22.85693359375
repro,prereg_C1 (reproduction of the main study),P1,laplace,no,pinn,plain,20,1,1000.0,4000,True,4000 it (seeds 0-2),0.04381405934691429,0.1625453233718872,,,38.24295800000036,,1600,0.7643056537324182,19.78271484375
repro,prereg_C1 (reproduction of the main study),P1,laplace,no,pinn,plain,20,2,1000.0,4000,True,4000 it (seeds 0-2),0.04848221689462662,0.17986369132995605,,,29.060054000000463,,1750,0.6992712354950814,11.85693359375
repro,prereg_C1 (reproduction of the main study),P1,laplace,no,ritz,plain,20,0,100.0,4000,True,4000 it (seeds 0-2),0.04658538103103638,0.1728266477584839,,,11.14483399999999,,1600,0.7731143021175636,19.8671875
repro,prereg_C1 (reproduction of the main study),P1,laplace,no,ritz,plain,20,1,100.0,4000,True,4000 it (seeds 0-2),0.04416459798812866,0.16384579241275787,,,12.426558999998505,,1550,0.7952773305047675,27.40185546875
repro,prereg_C1 (reproduction of the main study),P1,laplace,no,ritz,plain,20,2,100.0,4000,True,4000 it (seeds 0-2),0.047641415148973465,0.17674440145492554,,,7.720226000000707,,1650,0.7602476340975036,14.556640625
repro,prereg_C1 (reproduction of the main study),P2,poisson,yes,pinn,plain,20,0,1000.0,4000,True,4000 it (seeds 0-2),0.14230555295944214,0.14230598509311676,,,48.469663000000324,,,0.14334461296780573,28.8076171875
repro,prereg_C1 (reproduction of the main study),P2,poisson,yes,pinn,plain,20,1,1000.0,4000,True,4000 it (seeds 0-2),0.1457614302635193,0.1457618623971939,,,29.43023499999967,,,0.0956530989569133,15.21484375
repro,prereg_C1 (reproduction of the main study),P2,poisson,yes,pinn,plain,20,2,1000.0,4000,True,4000 it (seeds 0-2),0.1446545571088791,0.1446549892425537,,,30.302474000000302,,,0.14423346547114385,11.54638671875
repro,prereg_C1 (reproduction of the main study),P2,poisson,yes,ritz,plain,20,0,1.0,4000,True,4000 it (seeds 0-2),0.12613791227340698,0.12613829970359802,,,12.72100500000031,,,0.01730774085108882,22.00390625
repro,prereg_C1 (reproduction of the main study),P2,poisson,yes,ritz,plain,20,1,1.0,4000,True,4000 it (seeds 0-2),0.12657810747623444,0.12657849490642548,,,7.963628,,,0.010498339390725819,18.64013671875
repro,prereg_C1 (reproduction of the main study),P2,poisson,yes,ritz,plain,20,2,1.0,4000,True,4000 it (seeds 0-2),0.12628743052482605,0.1262878030538559,,,8.060419000000252,,,0.01617192326414095,11.5166015625
main20,prereg_C1,P1,laplace,no,pinn,lift3c,20,10,1000.0,4000,True,4000 it,0.017680443823337555,0.06559249758720398,2.631558442817176,0.04652712121605873,33.44279099999973,28.304767999999783,1050,0.9333396387647009,16.94189453125
main20,prereg_C1,P1,laplace,no,pinn,lift3c,20,11,1000.0,4000,True,4000 it,0.015752408653497696,0.058439701795578,2.928005287920908,0.04612313583493233,29.26696099999606,30.63884600000472,1050,0.9410953007212651,11.6357421875
main20,prereg_C1,P1,laplace,no,pinn,lift3c,20,12,1000.0,4000,True,4000 it,0.016108352690935135,0.059760212898254395,3.363853542035678,0.0541861392557621,35.034885999986045,27.685517000001028,1000,0.9405741099590748,8.55908203125
main20,prereg_C1,P1,laplace,no,pinn,lift3c,20,13,1000.0,4000,True,4000 it,0.015555720776319504,0.057710010558366776,2.8597439906583486,0.04448537901043892,33.52394300001106,31.784701000005043,1050,0.9448859705921776,18.91259765625
main20,prereg_C1,P1,laplace,no,pinn,lift3c,20,14,1000.0,4000,True,4000 it,0.017573105171322823,0.06519428640604019,2.758858269907358,0.04848170652985573,31.491393999997854,32.05433999999332,1100,0.9247394955258901,12.9501953125
main20,prereg_C1,P1,laplace,no,pinn,plain,20,10,1000.0,4000,True,4000 it,0.04652712121605873,0.17261049151420593,,0.04652712121605873,28.304767999999783,28.304767999999783,1700,0.7290571489277383,11.4990234375
main20,prereg_C1,P1,laplace,no,pinn,plain,20,11,1000.0,4000,True,4000 it,0.04612313583493233,0.17111176252365112,,0.04612313583493233,30.63884600000472,30.63884600000472,1700,0.7088917709845176,12.34375
main20,prereg_C1,P1,laplace,no,pinn,plain,20,12,1000.0,4000,True,4000 it,0.0541861392557621,0.2010246068239212,,0.0541861392557621,27.685517000001028,27.685517000001028,1950,0.6311411507504082,6.93701171875
main20,prereg_C1,P1,laplace,no,pinn,plain,20,13,1000.0,4000,True,4000 it,0.04448537901043892,0.16503585875034332,,0.04448537901043892,31.784701000005043,31.784701000005043,1600,0.7494932193021846,21.19873046875
main20,prereg_C1,P1,laplace,no,pinn,plain,20,14,1000.0,4000,True,4000 it,0.04848170652985573,0.17986178398132324,,0.04848170652985573,32.05433999999332,32.05433999999332,1750,0.6974217398089435,11.7509765625
main20,prereg_C1,P1,laplace,no,pinn,presolve,20,10,1000.0,4000,True,4000 it,0.020048243924975395,0.07437677681446075,2.32075793721249,0.04652712121605873,29.987177999999517,28.304767999999783,650,0.9461952825244031,19.33935546875
main20,prereg_C1,P1,laplace,no,pinn,presolve,20,11,1000.0,4000,True,4000 it,0.012024390511214733,0.04460916295647621,3.8357982295996518,0.04612313583493233,29.203096999997456,30.63884600000472,550,0.9763241264077168,12.94775390625
main20,prereg_C1,P1,laplace,no,pinn,presolve,20,12,1000.0,4000,True,4000 it,0.018982764333486557,0.07042396068572998,2.854491490481974,0.0541861392557621,29.379292999995414,27.685517000001028,650,0.9538602320226912,7.70556640625
main20,prereg_C1,P1,laplace,no,pinn,presolve,20,13,1000.0,4000,True,4000 it,0.025793500244617462,0.09569104760885239,1.7246739910657158,0.04448537901043892,31.1329589999948,31.784701000005043,650,0.928165075206651,22.26416015625
main20,prereg_C1,P1,laplace,no,pinn,presolve,20,14,1000.0,4000,True,4000 it,0.01405327208340168,0.05213608965277672,3.4498518382147796,0.04848170652985573,29.253018000022166,32.05433999999332,600,0.9663430581570293,11.55029296875
main20,prereg_C1,P1,laplace,no,ritz,lift3c,20,10,100.0,4000,True,4000 it,0.02302280254662037,0.08541206270456314,2.083414177016964,0.04796603322029114,9.614722999999884,7.738603999999985,1000,0.9381900735088623,12.23828125
main20,prereg_C1,P1,laplace,no,ritz,lift3c,20,11,100.0,4000,True,4000 it,0.018427275121212006,0.06836316734552383,2.4781477292989393,0.04566550999879837,9.990288999999962,8.082380000004832,950,0.9705224144373341,12.18359375
main20,prereg_C1,P1,laplace,no,ritz,lift3c,20,12,100.0,4000,True,4000 it,0.02007697895169258,0.07448337972164154,2.6582376094584657,0.05336938053369522,9.54359800000384,7.608438999996679,1050,0.9602737694764524,6.76171875
main20,prereg_C1,P1,laplace,no,ritz,lift3c,20,13,100.0,4000,True,4000 it,0.02008804865181446,0.07452444732189178,2.157029099309215,0.04333050549030304,10.587871999998697,8.701560999998946,1000,0.966059726407322,26.00341796875
main20,prereg_C1,P1,laplace,no,ritz,lift3c,20,14,100.0,4000,True,4000 it,0.02034064754843712,0.07546155899763107,2.328080853441599,0.047354672104120255,10.96504199998435,8.172244000001228,1000,0.9613484941177141,11.82080078125
main20,prereg_C1,P1,laplace,no,ritz,lift3u,20,10,100.0,4000,True,4000 it,0.08953332901000977,0.33215877413749695,0.5357338295209437,0.04796603322029114,9.517223999999892,7.738603999999985,,0.17486840398807074,12.34814453125
main20,prereg_C1,P1,laplace,no,ritz,lift3u,20,11,100.0,4000,True,4000 it,0.0915568470954895,0.33966583013534546,0.49876673834313434,0.04566550999879837,10.048510999995528,8.082380000004832,,0.13798472132359815,12.78271484375
main20,prereg_C1,P1,laplace,no,ritz,lift3u,20,12,100.0,4000,True,4000 it,0.09442751854658127,0.3503156900405884,0.5651888491316015,0.05336938053369522,9.830945000007887,7.608438999996679,,0.09410563397085653,7.08642578125
main20,prereg_C1,P1,laplace,no,ritz,lift3u,20,13,100.0,4000,True,4000 it,0.0930582731962204,0.3452359437942505,0.4656276546088213,0.04333050549030304,10.698185000000649,8.701560999998946,,0.13977992899210526,24.97119140625
main20,prereg_C1,P1,laplace,no,ritz,lift3u,20,14,100.0,4000,True,4000 it,0.09052733331918716,0.3358464241027832,0.5230980563312748,0.047354672104120255,11.166134999988572,8.172244000001228,,0.15188220610720038,11.1650390625
main20,prereg_C1,P1,laplace,no,ritz,plain,20,10,100.0,4000,True,4000 it,0.04796603322029114,0.1779487133026123,,0.04796603322029114,7.738603999999985,7.738603999999985,1600,0.7643226795014244,12.638671875
main20,prereg_C1,P1,laplace,no,ritz,plain,20,11,100.0,4000,True,4000 it,0.04566550999879837,0.16941401362419128,,0.04566550999879837,8.082380000004832,8.082380000004832,1550,0.7870752939700031,12.33447265625
main20,prereg_C1,P1,laplace,no,ritz,plain,20,12,100.0,4000,True,4000 it,0.05336938053369522,0.19799451529979706,,0.05336938053369522,7.608438999996679,7.608438999996679,1800,0.7112123097252572,7.02685546875
main20,prereg_C1,P1,laplace,no,ritz,plain,20,13,100.0,4000,True,4000 it,0.04333050549030304,0.16075138747692108,,0.04333050549030304,8.701560999998946,8.701560999998946,1450,0.8022492857475281,25.98046875
main20,prereg_C1,P1,laplace,no,ritz,plain,20,14,100.0,4000,True,4000 it,0.047354672104120255,0.17568062245845795,,0.047354672104120255,8.172244000001228,8.172244000001228,1700,0.7401214846498506,11.5166015625
main20,prereg_C1,P1,laplace,no,ritz,presolve,20,10,100.0,4000,True,4000 it,0.02332266792654991,0.08652453124523163,2.0566271993989105,0.04796603322029114,7.951294000000013,7.738603999999985,650,0.9534534508609914,12.26708984375
main20,prereg_C1,P1,laplace,no,ritz,presolve,20,11,100.0,4000,True,4000 it,0.013582891784608364,0.05039103329181671,3.3619873236820492,0.04566550999879837,8.223551999999472,8.082380000004832,550,0.9911106888291932,12.35009765625
main20,prereg_C1,P1,laplace,no,ritz,presolve,20,12,100.0,4000,True,4000 it,0.019992318004369736,0.07416930049657822,2.6694943788924443,0.05336938053369522,7.787227000007988,7.608438999996679,650,0.9638955484229347,7.1845703125
main20,prereg_C1,P1,laplace,no,ritz,presolve,20,13,100.0,4000,True,4000 it,0.025898171588778496,0.09607936441898346,1.673110603262736,0.04333050549030304,8.781006999993451,8.701560999998946,650,0.9375757841367242,28.05224609375
main20,prereg_C1,P1,laplace,no,ritz,presolve,20,14,100.0,4000,True,4000 it,0.013908270746469498,0.05159815400838852,3.4047850352741267,0.047354672104120255,8.314300000001367,8.172244000001228,600,0.9847102638668213,11.123046875
main20,prereg_C1,P1,laplace,no,ritz,rep3,20,10,100.0,4000,True,4000 it,0.054435670375823975,0.201950341463089,0.8811507764877984,0.04796603322029114,10.637481999999993,7.738603999999985,700,0.8410916591211647,86.8955078125
main20,prereg_C1,P1,laplace,no,ritz,rep3,20,11,100.0,4000,True,4000 it,0.05662707984447479,0.21008022129535675,0.8064253025975882,0.04566550999879837,10.608145999999962,8.082380000004832,700,0.8141970784790534,89.60986328125
main20,prereg_C1,P1,laplace,no,ritz,rep3,20,12,100.0,4000,True,4000 it,0.05398706719279289,0.20028607547283173,0.9885586179947161,0.05336938053369522,10.440898999999803,7.608438999996679,700,0.8334870023886498,98.3134765625
main20,prereg_C1,P1,laplace,no,ritz,rep3,20,13,100.0,4000,True,4000 it,0.052219752222299576,0.19372953474521637,0.8297723303213888,0.04333050549030304,10.47506399999935,8.701560999998946,700,0.8492296789326037,109.95361328125
main20,prereg_C1,P1,laplace,no,ritz,rep3,20,14,100.0,4000,True,4000 it,0.053799767047166824,0.19959121942520142,0.8802021775039269,0.047354672104120255,9.762929000000526,8.172244000001228,650,0.8378526304030207,113.1396484375
main20,prereg_C1,P2,poisson,yes,pinn,lift3c,20,10,1000.0,4000,True,4000 it,0.009927850216627121,0.009927880018949509,14.164876601649464,0.14062677323818207,34.26538400000004,31.2393419999986,150,0.9834944260526152,14.2080078125
main20,prereg_C1,P2,poisson,yes,pinn,lift3c,20,11,1000.0,4000,True,4000 it,0.01420561596751213,0.014205657877027988,10.34551939518909,0.14696447551250458,29.760959000002003,27.600261000000728,150,0.9827296205949266,13.1083984375
main20,prereg_C1,P2,poisson,yes,pinn,lift3c,20,12,1000.0,4000,True,4000 it,0.01004952471703291,0.010049554519355297,14.595072838893499,0.1466735452413559,33.88659999999663,27.929179999997586,150,0.9820683349402701,11.58984375
main20,prereg_C1,P2,poisson,yes,pinn,lift3c,20,13,1000.0,4000,True,4000 it,0.009759712964296341,0.009759742766618729,15.050322289074998,0.14688682556152344,34.52568600000109,30.360928999999032,150,0.9798777998319431,17.44140625
main20,prereg_C1,P2,poisson,yes,pinn,lift3c,20,14,1000.0,4000,True,4000 it,0.009793289005756378,0.009793317876756191,14.660573798740598,0.14357523620128632,32.31318299998429,29.883509999999205,150,0.9874476677344196,32.2060546875
main20,prereg_C1,P2,poisson,yes,pinn,plain,20,10,1000.0,4000,True,4000 it,0.14062677323818207,0.1406271904706955,,0.14062677323818207,31.2393419999986,31.2393419999986,,0.1640545211728481,18.6806640625
main20,prereg_C1,P2,poisson,yes,pinn,plain,20,11,1000.0,4000,True,4000 it,0.14696447551250458,0.1469649225473404,,0.14696447551250458,27.600261000000728,27.600261000000728,,0.11529222047703722,15.69873046875
main20,prereg_C1,P2,poisson,yes,pinn,plain,20,12,1000.0,4000,True,4000 it,0.1466735452413559,0.14667397737503052,,0.1466735452413559,27.929179999997586,27.929179999997586,,0.11849333901552868,9.0625
main20,prereg_C1,P2,poisson,yes,pinn,plain,20,13,1000.0,4000,True,4000 it,0.14688682556152344,0.14688725769519806,,0.14688682556152344,30.360928999999032,30.360928999999032,,0.12244066377007458,22.8740234375
main20,prereg_C1,P2,poisson,yes,pinn,plain,20,14,1000.0,4000,True,4000 it,0.14357523620128632,0.14357566833496094,,0.14357523620128632,29.883509999999205,29.883509999999205,,0.12493946940498006,12.7568359375
main20,prereg_C1,P2,poisson,yes,pinn,presolve,20,10,1000.0,4000,True,4000 it,0.14938963949680328,0.1493900716304779,0.9413422089501144,0.14062677323818207,32.530153999999726,31.2393419999986,,0.1989840912243187,15.8525390625
main20,prereg_C1,P2,poisson,yes,pinn,presolve,20,11,1000.0,4000,True,4000 it,0.14972449839115143,0.14972494542598724,0.9815659901465399,0.14696447551250458,30.812517999997453,27.600261000000728,,0.19358266995881235,15.92724609375
main20,prereg_C1,P2,poisson,yes,pinn,presolve,20,12,1000.0,4000,True,4000 it,0.1531987339258194,0.1531991958618164,0.9574070325697138,0.1466735452413559,30.00032999999098,27.929179999997586,,0.14405544877791837,9.87841796875
main20,prereg_C1,P2,poisson,yes,pinn,presolve,20,13,1000.0,4000,True,4000 it,0.16165703535079956,0.16165751218795776,0.9086324343557061,0.14688682556152344,32.634901000005584,30.360928999999032,,0.08962425397666324,21.8564453125
main20,prereg_C1,P2,poisson,yes,pinn,presolve,20,14,1000.0,4000,True,4000 it,0.1543867141008377,0.15438717603683472,0.9299714488871764,0.14357523620128632,29.854091000001063,29.883509999999205,,0.14410049010440984,25.4453125
main20,prereg_C1,P2,poisson,yes,ritz,lift3c,20,10,1.0,4000,True,4000 it,0.01947968453168869,0.019479744136333466,6.485644204536284,0.12633830308914185,9.83117099999913,8.049028000001186,50,0.9705815887998772,19.78662109375
main20,prereg_C1,P2,poisson,yes,ritz,lift3c,20,11,1.0,4000,True,4000 it,0.0192081518471241,0.019208209589123726,6.593779970284024,0.12665432691574097,9.632461999998554,7.742268000000536,50,0.9672743408320095,17.0244140625
main20,prereg_C1,P2,poisson,yes,ritz,lift3c,20,12,1.0,4000,True,4000 it,0.019322866573929787,0.019322924315929413,6.518992643546753,0.12596562504768372,9.59178500000803,8.25878900000248,50,0.9683953944288197,8.326171875
main20,prereg_C1,P2,poisson,yes,ritz,lift3c,20,13,1.0,4000,True,4000 it,0.01907881535589695,0.019078871235251427,6.646552364617659,0.12680834531784058,10.717745000002196,8.46226300000967,50,0.9695227877244469,21.15234375
main20,prereg_C1,P2,poisson,yes,ritz,lift3c,20,14,1.0,4000,True,4000 it,0.018830185756087303,0.01883024163544178,6.694144912363064,0.12605199217796326,10.09215900000845,8.22048500002711,50,0.9706204482405687,12.4970703125
main20,prereg_C1,P2,poisson,yes,ritz,lift3u,20,10,1.0,4000,True,4000 it,0.018281128257513046,0.018281182274222374,6.910859182732348,0.12633830308914185,10.330052000000023,8.049028000001186,50,0.9838381857229613,18.8642578125
main20,prereg_C1,P2,poisson,yes,ritz,lift3u,20,11,1.0,4000,True,4000 it,0.01906885951757431,0.019068917259573936,6.64194556570168,0.12665432691574097,9.69164900000294,7.742268000000536,50,0.9765590527325644,16.24462890625
main20,prereg_C1,P2,poisson,yes,ritz,lift3u,20,12,1.0,4000,True,4000 it,0.01912585273385048,0.019125910475850105,6.586144252001877,0.12596562504768372,9.431305999997221,8.25878900000248,50,0.9784135079793014,8.12158203125
main20,prereg_C1,P2,poisson,yes,ritz,lift3u,20,13,1.0,4000,True,4000 it,0.01836428977549076,0.018364345654845238,6.905159244823112,0.12680834531784058,10.726681999994526,8.46226300000967,50,0.9873275643532313,20.50732421875
main20,prereg_C1,P2,poisson,yes,ritz,lift3u,20,14,1.0,4000,True,4000 it,0.01877697743475437,0.018777035176753998,6.713114110935298,0.12605199217796326,10.156235999989804,8.22048500002711,50,0.9832581513062876,12.29833984375
main20,prereg_C1,P2,poisson,yes,ritz,plain,20,10,1.0,4000,True,4000 it,0.12633830308914185,0.1263386756181717,,0.12633830308914185,8.049028000001186,8.049028000001186,,0.015493946910730727,20.7900390625
main20,prereg_C1,P2,poisson,yes,ritz,plain,20,11,1.0,4000,True,4000 it,0.12665432691574097,0.126654714345932,,0.12665432691574097,7.742268000000536,7.742268000000536,,0.012443593081777404,10.9833984375
main20,prereg_C1,P2,poisson,yes,ritz,plain,20,12,1.0,4000,True,4000 it,0.12596562504768372,0.12596599757671356,,0.12596562504768372,8.25878900000248,8.25878900000248,,0.00975739272995697,8.59423828125
main20,prereg_C1,P2,poisson,yes,ritz,plain,20,13,1.0,4000,True,4000 it,0.12680834531784058,0.12680871784687042,,0.12680834531784058,8.46226300000967,8.46226300000967,,0.01489819937646039,16.77978515625
main20,prereg_C1,P2,poisson,yes,ritz,plain,20,14,1.0,4000,True,4000 it,0.12605199217796326,0.1260523647069931,,0.12605199217796326,8.22048500002711,8.22048500002711,,0.014251486230375308,12.9541015625
main20,prereg_C1,P2,poisson,yes,ritz,presolve,20,10,1.0,4000,True,4000 it,0.1265934705734253,0.12659385800361633,0.9979843550925049,0.12633830308914185,8.289386000000121,8.049028000001186,,2.7512579567822266e-05,21.66748046875
main20,prereg_C1,P2,poisson,yes,ritz,presolve,20,11,1.0,4000,True,4000 it,0.12659791111946106,0.1265982836484909,1.0004456297562974,0.12665432691574097,8.008160000002704,7.742268000000536,,1.4576627956761138e-05,14.06982421875
main20,prereg_C1,P2,poisson,yes,ritz,presolve,20,12,1.0,4000,True,4000 it,0.12640371918678284,0.12640409171581268,0.9965341673337019,0.12596562504768372,7.910307999997485,8.25878900000248,,-9.683359359420035e-05,8.49609375
main20,prereg_C1,P2,poisson,yes,ritz,presolve,20,13,1.0,4000,True,4000 it,0.12651942670345306,0.1265198141336441,1.0022835909228762,0.12680834531784058,8.831009000003633,8.46226300000967,,5.2083926570678855e-05,16.39697265625
main20,prereg_C1,P2,poisson,yes,ritz,presolve,20,14,1.0,4000,True,4000 it,0.12651361525058746,0.1265139877796173,0.9963511984721181,0.12605199217796326,8.295485999999983,8.22048500002711,,1.4286862205031341e-05,12.4931640625
main20,prereg_C1,P2,poisson,yes,ritz,rep3,20,10,1.0,4000,True,4000 it,0.0155107406899333,0.01551078725606203,8.145214056162855,0.12633830308914185,10.64267000000007,8.049028000001186,850,1.0335867386410533,86.79931640625
main20,prereg_C1,P2,poisson,yes,ritz,rep3,20,11,1.0,4000,True,4000 it,0.01564130187034607,0.0156413484364748,8.0974287156916,0.12665432691574097,11.115101000000259,7.742268000000536,800,1.0388551821753178,91.2802734375
main20,prereg_C1,P2,poisson,yes,ritz,rep3,20,12,1.0,4000,True,4000 it,0.015531769953668118,0.015531816519796848,8.110191267540284,0.12596562504768372,11.05374699999959,8.25878900000248,850,1.0339077518114508,103.4599609375
main20,prereg_C1,P2,poisson,yes,ritz,rep3,20,13,1.0,4000,True,4000 it,0.01617412082850933,0.01617416925728321,7.840200197733265,0.12680834531784058,10.757723000000794,8.46226300000967,850,1.0358318129804673,112.09033203125
main20,prereg_C1,P2,poisson,yes,ritz,rep3,20,14,1.0,4000,True,4000 it,0.016205746680498123,0.016205795109272003,7.778227974503223,0.12605199217796326,10.383667999999915,8.22048500002711,950,1.0345621574554833,117.33935546875
main20,prereg_C1,P3,ridge,no,pinn,lift3c,20,10,1000.0,4000,True,4000 it,0.01397628802806139,0.01954677887260914,1.8252789295608527,0.025510624051094055,30.595186999999157,27.323306000000343,150,0.9987955829474031,11.3876953125
main20,prereg_C1,P3,ridge,no,pinn,lift3c,20,11,1000.0,4000,True,4000 it,0.013379835523664951,0.01871260069310665,1.7865488220538783,0.023903729394078255,30.178229999999417,28.158429000001888,150,0.9990244414434617,12.181640625
main20,prereg_C1,P3,ridge,no,pinn,lift3c,20,12,1000.0,4000,True,4000 it,0.015656638890504837,0.021896863356232643,1.6398198628199268,0.025674067437648773,32.364913999997725,31.631536000004644,150,0.9987515441301531,23.27294921875
main20,prereg_C1,P3,ridge,no,pinn,lift3c,20,13,1000.0,4000,True,4000 it,0.015433796681463718,0.02158520370721817,1.447129248144134,0.02233469858765602,34.98065699999097,35.2881740000098,150,0.9990368614248226,11.0693359375
main20,prereg_C1,P3,ridge,no,pinn,lift3c,20,14,1000.0,4000,True,4000 it,0.014809636399149895,0.020712273195385933,1.765890822166097,0.026152200996875763,31.172796999980164,29.17292899999211,150,0.9990669093766302,32.67138671875
main20,prereg_C1,P3,ridge,no,pinn,plain,20,10,1000.0,4000,True,4000 it,0.025510624051094055,0.03567832335829735,,0.025510624051094055,27.323306000000343,27.323306000000343,350,1.0017833895023518,12.14453125
main20,prereg_C1,P3,ridge,no,pinn,plain,20,11,1000.0,4000,True,4000 it,0.023903729394078255,0.033430974930524826,,0.023903729394078255,28.158429000001888,28.158429000001888,400,1.000952664965958,11.1337890625
main20,prereg_C1,P3,ridge,no,pinn,plain,20,12,1000.0,4000,True,4000 it,0.025674067437648773,0.03590691089630127,,0.025674067437648773,31.631536000004644,31.631536000004644,400,1.0013682533046144,28.99755859375
main20,prereg_C1,P3,ridge,no,pinn,plain,20,13,1000.0,4000,True,4000 it,0.02233469858765602,0.03123657964169979,,0.02233469858765602,35.2881740000098,35.2881740000098,300,1.0013264217310447,12.03564453125
main20,prereg_C1,P3,ridge,no,pinn,plain,20,14,1000.0,4000,True,4000 it,0.026152200996875763,0.03657561168074608,,0.026152200996875763,29.17292899999211,29.17292899999211,400,1.0000843584994723,35.08251953125
main20,prereg_C1,P3,ridge,no,pinn,presolve,20,10,1000.0,4000,True,4000 it,0.04038272053003311,0.056477949023246765,0.6317212836644203,0.025510624051094055,27.70331000000158,27.323306000000343,350,0.9992375124417712,11.21142578125
main20,prereg_C1,P3,ridge,no,pinn,presolve,20,11,1000.0,4000,True,4000 it,0.024446766823530197,0.034190449863672256,0.9777869428144884,0.023903729394078255,28.231540000001587,28.158429000001888,250,1.0011218323749451,13.45361328125
main20,prereg_C1,P3,ridge,no,pinn,presolve,20,12,1000.0,4000,True,4000 it,0.032304100692272186,0.04517946019768715,0.7947618688481412,0.025674067437648773,30.118297000002258,31.631536000004644,350,1.0013969494807176,24.0615234375
main20,prereg_C1,P3,ridge,no,pinn,presolve,20,13,1000.0,4000,True,4000 it,0.027240583673119545,0.03809778764843941,0.8199052874808791,0.02233469858765602,34.825694999994994,35.2881740000098,300,1.0019006703401574,11.3876953125
main20,prereg_C1,P3,ridge,no,pinn,presolve,20,14,1000.0,4000,True,4000 it,0.03474348038434982,0.048591092228889465,0.75272254557019,0.026152200996875763,29.093502000007447,29.17292899999211,350,0.9995479078542923,31.8173828125
main20,prereg_C1,P3,ridge,no,ritz,lift3c,20,10,100.0,4000,True,4000 it,0.015431191772222519,0.021581560373306274,2.7526808310111415,0.04247714579105377,9.831357000003209,8.293858000002786,150,0.9992746928974064,16.2333984375
main20,prereg_C1,P3,ridge,no,ritz,lift3c,20,11,100.0,4000,True,4000 it,0.014492529444396496,0.020268777385354042,2.5889986238238802,0.03752113878726959,9.64059299999883,7.972377000000051,150,0.9999390301553143,12.75341796875
main20,prereg_C1,P3,ridge,no,ritz,lift3c,20,12,100.0,4000,True,4000 it,0.01556306891143322,0.021765997633337975,2.2337149127883076,0.034763459116220474,10.838727000003928,8.693832999998449,150,0.9989581829627063,33.36328125
main20,prereg_C1,P3,ridge,no,ritz,lift3c,20,13,100.0,4000,True,4000 it,0.016156496480107307,0.022595947608351707,2.1178749758039963,0.03421743959188461,11.148292000002812,9.286482999990312,150,1.000075785579779,15.5078125
main20,prereg_C1,P3,ridge,no,ritz,lift3c,20,14,100.0,4000,True,4000 it,0.01665470004081726,0.023292718455195427,2.2729475752408117,0.03785526007413864,10.289013000007799,8.058194999998705,150,0.9994102108299686,31.56494140625
main20,prereg_C1,P3,ridge,no,ritz,lift3u,20,10,100.0,4000,True,4000 it,0.03034975193440914,0.04244617000222206,1.3995879071055983,0.04247714579105377,9.419692000001646,8.293858000002786,550,0.9964469173757012,15.02783203125
main20,prereg_C1,P3,ridge,no,ritz,lift3u,20,11,100.0,4000,True,4000 it,0.032180868089199066,0.04500711336731911,1.1659455140634598,0.03752113878726959,9.509930000003465,7.972377000000051,500,0.9962576387740407,12.08935546875
main20,prereg_C1,P3,ridge,no,ritz,lift3u,20,12,100.0,4000,True,4000 it,0.03585473820567131,0.050145264714956284,0.9695638807013176,0.034763459116220474,10.75850599999444,8.693832999998449,550,0.9951168385539365,31.63525390625
main20,prereg_C1,P3,ridge,no,ritz,lift3u,20,13,100.0,4000,True,4000 it,0.02719692699611187,0.03803673014044762,1.2581362444652813,0.03421743959188461,11.770989999992025,9.286482999990312,550,0.9973214869023442,14.7275390625
main20,prereg_C1,P3,ridge,no,ritz,lift3u,20,14,100.0,4000,True,4000 it,0.028450315818190575,0.039789680391550064,1.3305743358368882,0.03785526007413864,10.235157999979947,8.058194999998705,500,0.9969186223179501,31.21484375
main20,prereg_C1,P3,ridge,no,ritz,plain,20,10,100.0,4000,True,4000 it,0.04247714579105377,0.05940714478492737,,0.04247714579105377,8.293858000002786,8.293858000002786,400,0.9946830010897209,16.89453125
main20,prereg_C1,P3,ridge,no,ritz,plain,20,11,100.0,4000,True,4000 it,0.03752113878726959,0.05247583985328674,,0.03752113878726959,7.972377000000051,7.972377000000051,500,0.995220412731115,14.10693359375
main20,prereg_C1,P3,ridge,no,ritz,plain,20,12,100.0,4000,True,4000 it,0.034763459116220474,0.04861903563141823,,0.034763459116220474,8.693832999998449,8.693832999998449,450,0.995853373879911,14.26513671875
main20,prereg_C1,P3,ridge,no,ritz,plain,20,13,100.0,4000,True,4000 it,0.03421743959188461,0.04785539209842682,,0.03421743959188461,9.286482999990312,9.286482999990312,350,0.9963762198526737,17.13916015625
main20,prereg_C1,P3,ridge,no,ritz,plain,20,14,100.0,4000,True,4000 it,0.03785526007413864,0.05294312909245491,,0.03785526007413864,8.058194999998705,8.058194999998705,450,0.9951957104669829,32.26953125
main20,prereg_C1,P3,ridge,no,ritz,presolve,20,10,100.0,4000,True,4000 it,0.2952868342399597,0.41297852993011475,0.1438504561179841,0.04247714579105377,9.134675000002517,8.293858000002786,400,0.8030948504407177,17.1923828125
main20,prereg_C1,P3,ridge,no,ritz,presolve,20,11,100.0,4000,True,4000 it,0.043195828795433044,0.060412272810935974,0.8686287503583351,0.03752113878726959,7.732072000000926,7.972377000000051,350,0.9940840880805767,13.52294921875
main20,prereg_C1,P3,ridge,no,ritz,presolve,20,12,100.0,4000,True,4000 it,0.043546900153160095,0.06090326979756355,0.7982992817847626,0.034763459116220474,8.971142999999074,8.693832999998449,400,0.9931447412954012,23.3076171875
main20,prereg_C1,P3,ridge,no,ritz,presolve,20,13,100.0,4000,True,4000 it,0.07313453406095505,0.10228356719017029,0.4678697968235579,0.03421743959188461,9.083837000001267,9.286482999990312,450,0.9813502674709897,16.7275390625
main20,prereg_C1,P3,ridge,no,ritz,presolve,20,14,100.0,4000,True,4000 it,0.05701034516096115,0.07973280549049377,0.6640068564268351,0.03785526007413864,8.375199999984034,8.058194999998705,450,0.9896331411420708,31.66064453125
main20,prereg_C1,P3,ridge,no,ritz,rep3,20,10,100.0,4000,True,4000 it,0.013253015466034412,0.018535234034061432,3.2050929013036042,0.04247714579105377,10.590429000000121,8.293858000002786,100,0.9994978684053145,84.7724609375
main20,prereg_C1,P3,ridge,no,ritz,rep3,20,11,100.0,4000,True,4000 it,0.015834130346775055,0.022145096212625504,2.369636851885051,0.03752113878726959,10.69598400000109,7.972377000000051,100,0.9994757620574806,93.84716796875
main20,prereg_C1,P3,ridge,no,ritz,rep3,20,12,100.0,4000,True,4000 it,0.015141628682613373,0.02117658592760563,2.295886383486487,0.034763459116220474,10.978342999999839,8.693832999998449,100,0.9992882794193509,105.37451171875
main20,prereg_C1,P3,ridge,no,ritz,rep3,20,13,100.0,4000,True,4000 it,0.0166181493550539,0.023241598159074783,2.0590403215673607,0.03421743959188461,10.617723000001178,9.286482999990312,100,0.999134638092982,111.8154296875
main20,prereg_C1,P3,ridge,no,ritz,rep3,20,14,100.0,4000,True,4000 it,0.014002022333443165,0.01958277076482773,2.7035566129417714,0.03785526007413864,10.847314999999071,8.058194999998705,100,0.9994622127318844,118.4111328125
main20,prereg_C1,P4,cospair,no,pinn,lift3c,20,10,1000.0,4000,True,4000 it,0.05835771560668945,0.05835787206888199,4.233178340891449,0.24703861773014069,32.041793999997424,31.207856000001186,300,0.9925898583693569,12.1025390625
main20,prereg_C1,P4,cospair,no,pinn,lift3c,20,11,1000.0,4000,True,4000 it,0.06138173118233681,0.06138189509510994,3.830917617267623,0.2351483553647995,29.739002999999116,27.674213999997733,350,0.9927919131542363,6.92236328125
main20,prereg_C1,P4,cospair,no,pinn,lift3c,20,12,1000.0,4000,True,4000 it,0.062158215790987015,0.06215837970376015,4.016799527780729,0.24967709183692932,34.08303799999726,30.5585129999979,300,0.9942140640618277,25.6669921875
main20,prereg_C1,P4,cospair,no,pinn,lift3c,20,13,1000.0,4000,True,4000 it,0.0654144138097763,0.06541459262371063,3.9205965893882917,0.25646352767944336,34.100500999978976,30.841178000002174,300,0.9925441952337519,11.91015625
main20,prereg_C1,P4,cospair,no,pinn,lift3c,20,14,1000.0,4000,True,4000 it,0.058079179376363754,0.05807933583855629,4.196857178061707,0.24375002086162567,32.7402410000077,29.66776599998684,300,0.9944569834661293,58.1611328125
main20,prereg_C1,P4,cospair,no,pinn,plain,20,10,1000.0,4000,True,4000 it,0.24703861773014069,0.24703927338123322,,0.24703861773014069,31.207856000001186,31.207856000001186,450,0.9742298435091145,12.5419921875
main20,prereg_C1,P4,cospair,no,pinn,plain,20,11,1000.0,4000,True,4000 it,0.2351483553647995,0.23514898121356964,,0.2351483553647995,27.674213999997733,27.674213999997733,450,0.9829553584491404,9.6142578125
main20,prereg_C1,P4,cospair,no,pinn,plain,20,12,1000.0,4000,True,4000 it,0.24967709183692932,0.24967774748802185,,0.24967709183692932,30.5585129999979,30.5585129999979,500,0.9732272719632358,28.5234375
main20,prereg_C1,P4,cospair,no,pinn,plain,20,13,1000.0,4000,True,4000 it,0.25646352767944336,0.2564642131328583,,0.25646352767944336,30.841178000002174,30.841178000002174,450,0.96659559624035,13.7431640625
main20,prereg_C1,P4,cospair,no,pinn,plain,20,14,1000.0,4000,True,4000 it,0.24375002086162567,0.243750661611557,,0.24375002086162567,29.66776599998684,29.66776599998684,450,0.9747452891948338,23.65771484375
main20,prereg_C1,P4,cospair,no,pinn,presolve,20,10,1000.0,4000,True,4000 it,0.24703861773014069,0.24703927338123322,1.0,0.24703861773014069,31.316176999999527,31.207856000001186,450,0.9742298435091145,12.494140625
main20,prereg_C1,P4,cospair,no,pinn,presolve,20,11,1000.0,4000,True,4000 it,0.2351483553647995,0.23514898121356964,1.0,0.2351483553647995,27.698586999998952,27.674213999997733,450,0.9829553584491404,7.92529296875
main20,prereg_C1,P4,cospair,no,pinn,presolve,20,12,1000.0,4000,True,4000 it,0.24967709183692932,0.24967774748802185,1.0,0.24967709183692932,31.13137700000175,30.5585129999979,500,0.9732272719632358,28.07666015625
main20,prereg_C1,P4,cospair,no,pinn,presolve,20,13,1000.0,4000,True,4000 it,0.25646352767944336,0.2564642131328583,1.0,0.25646352767944336,31.082354000010582,30.841178000002174,450,0.96659559624035,11.75341796875
main20,prereg_C1,P4,cospair,no,pinn,presolve,20,14,1000.0,4000,True,4000 it,0.24375002086162567,0.243750661611557,1.0,0.24375002086162567,30.334185000004254,29.66776599998684,450,0.9747452891948338,22.34423828125
main20,prereg_C1,P4,cospair,no,ritz,lift3c,20,10,1.0,4000,True,4000 it,0.07565203309059143,0.07565223425626755,2.804006443274094,0.21212878823280334,10.10162699999887,8.024860000003002,350,0.9888203299532903,10.28955078125
main20,prereg_C1,P4,cospair,no,ritz,lift3c,20,11,1.0,4000,True,4000 it,0.07761900871992111,0.07761920988559723,2.511528917635285,0.1949423849582672,9.652394999997455,8.323965999999018,350,0.9890818474228561,10.73046875
main20,prereg_C1,P4,cospair,no,ritz,lift3c,20,12,1.0,4000,True,4000 it,0.07297100871801376,0.07297120243310928,2.91878203427138,0.21298646926879883,10.793531999995366,9.19963199999438,400,0.9902679277871465,25.1552734375
main20,prereg_C1,P4,cospair,no,ritz,lift3c,20,13,1.0,4000,True,4000 it,0.0707857683300972,0.07078596204519272,2.944130146131261,0.20840251445770264,10.045572000001584,8.9021080000025,350,0.9882470757946009,10.49169921875
main20,prereg_C1,P4,cospair,no,ritz,lift3c,20,14,1.0,4000,True,4000 it,0.07073729485273361,0.07073748111724854,2.827207434771485,0.19998900592327118,10.521032999993622,8.507750999970085,400,0.9929025200807933,33.375
main20,prereg_C1,P4,cospair,no,ritz,lift3u,20,10,1.0,4000,True,4000 it,0.13288122415542603,0.13288158178329468,1.5963789435344493,0.21212878823280334,10.25327099999646,8.024860000003002,1000,0.9826188549030923,10.60009765625
main20,prereg_C1,P4,cospair,no,ritz,lift3u,20,11,1.0,4000,True,4000 it,0.12916433811187744,0.1291646808385849,1.5092585756094319,0.1949423849582672,9.68709499999909,8.323965999999018,950,0.9834756531684624,9.91015625
main20,prereg_C1,P4,cospair,no,ritz,lift3u,20,12,1.0,4000,True,4000 it,0.10471609234809875,0.10471637547016144,2.0339421047224158,0.21298646926879883,11.007211999993388,9.19963199999438,1000,0.9891288318081196,26.5400390625
main20,prereg_C1,P4,cospair,no,ritz,lift3u,20,13,1.0,4000,True,4000 it,0.1204918771982193,0.12049219757318497,1.7295980385039809,0.20840251445770264,10.722040999998171,8.9021080000025,1000,0.9872796631077357,11.36376953125
main20,prereg_C1,P4,cospair,no,ritz,lift3u,20,14,1.0,4000,True,4000 it,0.13141527771949768,0.13141563534736633,1.5218094075039148,0.19998900592327118,10.365139000007275,8.507750999970085,1050,0.9798150165915445,31.36962890625
main20,prereg_C1,P4,cospair,no,ritz,plain,20,10,1.0,4000,True,4000 it,0.21212878823280334,0.21212933957576752,,0.21212878823280334,8.024860000003002,8.024860000003002,450,0.8973521810820231,10.71923828125
main20,prereg_C1,P4,cospair,no,ritz,plain,20,11,1.0,4000,True,4000 it,0.1949423849582672,0.1949428915977478,,0.1949423849582672,8.323965999999018,8.323965999999018,400,0.9070422999710678,12.3486328125
main20,prereg_C1,P4,cospair,no,ritz,plain,20,12,1.0,4000,True,4000 it,0.21298646926879883,0.2129870355129242,,0.21298646926879883,9.19963199999438,9.19963199999438,450,0.8952416169703005,23.15673828125
main20,prereg_C1,P4,cospair,no,ritz,plain,20,13,1.0,4000,True,4000 it,0.20840251445770264,0.2084030658006668,,0.20840251445770264,8.9021080000025,8.9021080000025,450,0.8991576655179595,10.67041015625
main20,prereg_C1,P4,cospair,no,ritz,plain,20,14,1.0,4000,True,4000 it,0.19998900592327118,0.19998954236507416,,0.19998900592327118,8.507750999970085,8.507750999970085,450,0.9005997803874307,33.337890625
main20,prereg_C1,P4,cospair,no,ritz,presolve,20,10,1.0,4000,True,4000 it,0.21212878823280334,0.21212933957576752,1.0,0.21212878823280334,8.390254999995307,8.024860000003002,450,0.8973521810820231,10.42138671875
main20,prereg_C1,P4,cospair,no,ritz,presolve,20,11,1.0,4000,True,4000 it,0.1949423849582672,0.1949428915977478,1.0,0.1949423849582672,8.195157999999424,8.323965999999018,400,0.9070422999710678,11.2119140625
main20,prereg_C1,P4,cospair,no,ritz,presolve,20,12,1.0,4000,True,4000 it,0.21298646926879883,0.2129870355129242,1.0,0.21298646926879883,9.673676000010346,9.19963199999438,450,0.8952416169703005,22.92431640625
main20,prereg_C1,P4,cospair,no,ritz,presolve,20,13,1.0,4000,True,4000 it,0.20840251445770264,0.2084030658006668,1.0,0.20840251445770264,8.300954000002776,8.9021080000025,450,0.8991576655179595,10.3203125
main20,prereg_C1,P4,cospair,no,ritz,presolve,20,14,1.0,4000,True,4000 it,0.19998900592327118,0.19998954236507416,1.0,0.19998900592327118,8.620901999963735,8.507750999970085,450,0.9005997803874307,35.68798828125
main20,prereg_C1,P4,cospair,no,ritz,rep3,20,10,1.0,4000,True,4000 it,0.08475306630134583,0.08475328981876373,2.502903994984248,0.21212878823280334,10.756694000000032,8.024860000003002,200,0.9815436511065665,85.8193359375
main20,prereg_C1,P4,cospair,no,ritz,rep3,20,11,1.0,4000,True,4000 it,0.0727766752243042,0.07277686148881912,2.6786382361853907,0.1949423849582672,10.9964379999995,8.323965999999018,200,0.9876042537764483,97.5
main20,prereg_C1,P4,cospair,no,ritz,rep3,20,12,1.0,4000,True,4000 it,0.08047477155923843,0.08047498762607574,2.6466240927694584,0.21298646926879883,11.11779000000088,9.19963199999438,200,0.9833972780169382,109.57080078125
main20,prereg_C1,P4,cospair,no,ritz,rep3,20,13,1.0,4000,True,4000 it,0.07094432413578033,0.07094451040029526,2.9375502127392332,0.20840251445770264,10.86634000000032,8.9021080000025,200,0.9871987902132826,110.54638671875
main20,prereg_C1,P4,cospair,no,ritz,rep3,20,14,1.0,4000,True,4000 it,0.07962046563625336,0.07962068170309067,2.511778904144097,0.19998900592327118,11.190337000001364,8.507750999970085,200,0.9821123785608517,117.74267578125
eqcpu,prereg_C1,P1,laplace,no,pinn,lift3c,20,10,1000.0,3650,True,equal CPU,0.01987556926906109,0.07373616844415665,2.340920181264154,0.04652712121605873,29.08036799999991,28.304767999999783,1050,0.9142643537657531,103.197265625
eqcpu,prereg_C1,P1,laplace,no,pinn,lift3c,20,11,1000.0,3650,True,equal CPU,0.017684906721115112,0.06560905277729034,2.608050840317017,0.04612313583493233,26.912750000000585,30.63884600000472,1050,0.9254755149008722,138.498046875
eqcpu,prereg_C1,P1,laplace,no,pinn,lift3c,20,12,1000.0,3650,True,equal CPU,0.017997654154896736,0.0667693093419075,3.010733442781449,0.0541861392557621,26.995423999998252,27.685517000001028,1000,0.9255009238208753,145.72900390625
eqcpu,prereg_C1,P1,laplace,no,pinn,lift3c,20,13,1000.0,3650,True,equal CPU,0.017486494034528732,0.06487296521663666,2.5439850276789815,0.04448537901043892,26.87944499999992,31.784701000005043,1050,0.9304888676083392,152.6552734375
eqcpu,prereg_C1,P1,laplace,no,pinn,lift3c,20,14,1000.0,3650,True,equal CPU,0.020231259986758232,0.07505574822425842,2.3963760320211387,0.04848170652985573,29.213144999994483,32.05433999999332,1100,0.898950240977912,103.35888671875
eqcpu,prereg_C1,P1,laplace,no,ritz,lift3c,20,10,100.0,3250,True,equal CPU,0.028779804706573486,0.10676990449428558,1.6666559662003335,0.04796603322029114,8.20433000000003,7.738603999999985,1000,0.8948576720434931,71.1953125
eqcpu,prereg_C1,P1,laplace,no,ritz,lift3c,20,11,100.0,3250,True,equal CPU,0.022534050047397614,0.08359884470701218,2.026511430601537,0.04566550999879837,7.837937999999099,8.082380000004832,950,0.9480939604332802,134.05078125
eqcpu,prereg_C1,P1,laplace,no,ritz,lift3c,20,12,100.0,3250,True,equal CPU,0.02510502003133297,0.09313686192035675,2.125844969137096,0.05336938053369522,7.657331999999542,7.608438999996679,1050,0.9281275004249914,132.32958984375
eqcpu,prereg_C1,P1,laplace,no,ritz,lift3c,20,13,100.0,3250,True,equal CPU,0.025425130501389503,0.09432443976402283,1.7042392560358735,0.04333050549030304,7.5265369999982,8.701560999998946,1000,0.931706271878282,153.4130859375
eqcpu,prereg_C1,P1,laplace,no,ritz,lift3c,20,14,100.0,3250,True,equal CPU,0.025647282600402832,0.09514859318733215,1.8463816553951986,0.047354672104120255,7.9895569999971485,8.172244000001228,1000,0.9305888769029166,115.5361328125
eqcpu,prereg_C1,P2,poisson,yes,pinn,lift3c,20,10,1000.0,3550,True,equal CPU,0.010547010228037834,0.010547041893005371,13.333330507667885,0.14062677323818207,29.04827699999987,31.2393419999986,150,0.982444056906389,123.484375
eqcpu,prereg_C1,P2,poisson,yes,pinn,lift3c,20,11,1000.0,3550,True,equal CPU,0.015429338440299034,0.01542938407510519,9.52500174140041,0.14696447551250458,26.88250200000104,27.600261000000728,150,0.9823378187490011,133.4716796875
eqcpu,prereg_C1,P2,poisson,yes,pinn,lift3c,20,12,1000.0,3550,True,equal CPU,0.011654434725642204,0.011654469184577465,12.585213156554328,0.1466735452413559,25.747831000000588,27.929179999997586,150,0.9820010234484656,140.21337890625
eqcpu,prereg_C1,P2,poisson,yes,pinn,lift3c,20,13,1000.0,3550,True,equal CPU,0.010497097857296467,0.010497129522264004,13.993089095518275,0.14688682556152344,26.464083999998138,30.360928999999032,150,0.9790471812468554,150.49365234375
eqcpu,prereg_C1,P2,poisson,yes,pinn,lift3c,20,14,1000.0,3550,True,equal CPU,0.010666870512068272,0.010666902177035809,13.459921167960962,0.14357523620128632,30.38711399999295,29.883509999999205,150,0.9879218030592755,88.16455078125
eqcpu,prereg_C1,P2,poisson,yes,ritz,lift3c,20,10,1.0,3350,True,equal CPU,0.020540578290820122,0.020540639758110046,6.150669241167579,0.12633830308914185,8.862556000000097,8.049028000001186,50,0.9741708907305652,99.89794921875
eqcpu,prereg_C1,P2,poisson,yes,ritz,lift3c,20,11,1.0,3350,True,equal CPU,0.02034720405936241,0.020347263664007187,6.224655070359074,0.12665432691574097,8.269569000000104,7.742268000000536,50,0.9663948501714499,132.66552734375
eqcpu,prereg_C1,P2,poisson,yes,ritz,lift3c,20,12,1.0,3350,True,equal CPU,0.020394232124090195,0.02039429359138012,6.176531888096432,0.12596562504768372,7.722862999999961,8.25878900000248,50,0.9710296206380851,145.75048828125
eqcpu,prereg_C1,P2,poisson,yes,ritz,lift3c,20,13,1.0,3350,True,equal CPU,0.02019275166094303,0.020192811265587807,6.279894263401169,0.12680834531784058,8.016176000000655,8.46226300000967,50,0.9685397763896653,151.39794921875
eqcpu,prereg_C1,P2,poisson,yes,ritz,lift3c,20,14,1.0,3350,True,equal CPU,0.020132187753915787,0.020132247358560562,6.261216799622071,0.12605199217796326,9.618551000006619,8.22048500002711,50,0.9662580478866712,101.09326171875
eqcpu,prereg_C1,P3,ridge,no,pinn,lift3c,20,10,1000.0,3750,True,equal CPU,0.01464309822767973,0.020479358732700348,1.7421602760863497,0.025510624051094055,28.582205999999516,27.323306000000343,150,0.9992355162641541,124.833984375
eqcpu,prereg_C1,P3,ridge,no,pinn,lift3c,20,11,1000.0,3750,True,equal CPU,0.014001023955643177,0.019581373780965805,1.707284372186489,0.023903729394078255,27.795328999999583,28.158429000001888,150,0.9992394555929862,134.69970703125
eqcpu,prereg_C1,P3,ridge,no,pinn,lift3c,20,12,1000.0,3750,True,equal CPU,0.01642591319978237,0.022972743958234787,1.563022227463672,0.025674067437648773,27.250017999998306,31.631536000004644,150,0.998881333081337,147.90673828125
eqcpu,prereg_C1,P3,ridge,no,pinn,lift3c,20,13,1000.0,3750,True,equal CPU,0.016108760610222816,0.02252918668091297,1.3864939164520298,0.02233469858765602,28.512795999998843,35.2881740000098,150,0.9990109539619421,126.197265625
eqcpu,prereg_C1,P3,ridge,no,pinn,lift3c,20,14,1000.0,3750,True,equal CPU,0.01573823019862175,0.02201097458600998,1.6616989754773062,0.026152200996875763,31.97731399999998,29.17292899999211,150,0.9991546902919437,73.412109375
eqcpu,prereg_C1,P3,ridge,no,ritz,lift3c,20,10,100.0,3200,True,equal CPU,0.01878959871828556,0.02627851627767086,2.2606733878630463,0.04247714579105377,8.316366000000798,8.293858000002786,150,0.9993296226862097,123.75830078125
eqcpu,prereg_C1,P3,ridge,no,ritz,lift3c,20,11,100.0,3200,True,equal CPU,0.0175264161080122,0.024511871859431267,2.140833502755695,0.03752113878726959,7.325856000000641,7.972377000000051,150,0.9996689389926842,135.95166015625
eqcpu,prereg_C1,P3,ridge,no,ritz,lift3c,20,12,100.0,3200,True,equal CPU,0.018574198707938194,0.02597726695239544,1.871599397790622,0.034763459116220474,7.1299360000007255,8.693832999998449,150,0.9990945665054066,141.259765625
eqcpu,prereg_C1,P3,ridge,no,ritz,lift3c,20,13,100.0,3200,True,equal CPU,0.01979978196322918,0.027691325172781944,1.728172545305344,0.03421743959188461,7.942496000002166,9.286482999990312,150,1.0000678431034014,149.31884765625
eqcpu,prereg_C1,P3,ridge,no,ritz,lift3c,20,14,100.0,3200,True,equal CPU,0.019841386005282402,0.02774951234459877,1.9078939376543744,0.03785526007413864,8.416598000000135,8.058194999998705,150,0.9991579946953049,83.22216796875
eqcpu,prereg_C1,P3,ridge,no,ritz,presolve,20,10,100.0,3700,True,equal CPU,0.2988395690917969,0.4179472327232361,0.14214029929217886,0.04247714579105377,8.352664999999561,8.293858000002786,400,0.7998230102296428,127.50732421875
eqcpu,prereg_C1,P3,ridge,no,ritz,presolve,20,11,100.0,3700,True,equal CPU,0.04701930657029152,0.06575966626405716,0.7979943032800231,0.03752113878726959,7.093254999999601,7.972377000000051,350,0.9931798396999236,136.99609375
eqcpu,prereg_C1,P3,ridge,no,ritz,presolve,20,12,100.0,3700,True,equal CPU,0.04767744988203049,0.06668012589216232,0.7291383914667536,0.034763459116220474,6.902818999998999,8.693832999998449,400,0.9921875446276868,140.91845703125
eqcpu,prereg_C1,P3,ridge,no,ritz,presolve,20,13,100.0,3700,True,equal CPU,0.0766846090555191,0.10724858194589615,0.44621000241536646,0.03421743959188461,7.615812999997274,9.286482999990312,450,0.980097997903005,144.248046875
eqcpu,prereg_C1,P3,ridge,no,ritz,presolve,20,14,100.0,3700,True,equal CPU,0.06415678560733795,0.08972758054733276,0.5900429660835274,0.03785526007413864,7.9928960000042935,8.058194999998705,450,0.9875705494478776,77.33251953125
eqcpu,prereg_C1,P4,cospair,no,pinn,lift3c,20,10,1000.0,3750,True,equal CPU,0.06089295446872711,0.060893118381500244,4.05693269255005,0.24703861773014069,27.781700999998407,31.207856000001186,300,0.9921263893028903,126.82421875
eqcpu,prereg_C1,P4,cospair,no,pinn,lift3c,20,11,1000.0,3750,True,equal CPU,0.06412121653556824,0.06412138789892197,3.66724725558446,0.2351483553647995,27.743709999998657,27.674213999997733,350,0.9922493398332736,126.33056640625
eqcpu,prereg_C1,P4,cospair,no,pinn,lift3c,20,12,1000.0,3750,True,equal CPU,0.06477087736129761,0.06477104872465134,3.8547739664573126,0.24967709183692932,27.518607000000657,30.5585129999979,300,0.9938847869672909,151.90283203125
eqcpu,prereg_C1,P4,cospair,no,pinn,lift3c,20,13,1000.0,3750,True,equal CPU,0.0681740790605545,0.06817425787448883,3.7618920741363273,0.25646352767944336,29.467542999997363,30.841178000002174,300,0.9921624592975393,118.8173828125
eqcpu,prereg_C1,P4,cospair,no,pinn,lift3c,20,14,1000.0,3750,True,equal CPU,0.06067062169313431,0.06067078188061714,4.017595568650803,0.24375002086162567,33.500980000000936,29.66776599998684,300,0.9939143705833753,85.044921875
eqcpu,prereg_C1,P4,cospair,no,ritz,lift3c,20,10,1.0,3350,True,equal CPU,0.08296390622854233,0.08296412974596024,2.556880430008297,0.21212878823280334,7.831435999999243,8.024860000003002,350,0.987641084377332,120.52294921875
eqcpu,prereg_C1,P4,cospair,no,ritz,lift3c,20,11,1.0,3350,True,equal CPU,0.08673343807458878,0.08673366904258728,2.247603568886791,0.1949423849582672,8.286224999999035,8.323965999999018,350,0.9877738535767566,132.3876953125
eqcpu,prereg_C1,P4,cospair,no,ritz,lift3c,20,12,1.0,3350,True,equal CPU,0.08061127364635468,0.08061148971319199,2.642142465124421,0.21298646926879883,7.931879999999126,9.19963199999438,400,0.9885752573664263,150.15625
eqcpu,prereg_C1,P4,cospair,no,ritz,lift3c,20,13,1.0,3350,True,equal CPU,0.07816126197576523,0.07816147059202194,2.6663146063624223,0.20840251445770264,7.910173000002487,8.9021080000025,350,0.9860165766775035,126.9091796875
eqcpu,prereg_C1,P4,cospair,no,ritz,lift3c,20,14,1.0,3350,True,equal CPU,0.07807362824678421,0.07807383686304092,2.5615436404610614,0.19998900592327118,9.147477000000322,8.507750999970085,400,0.9915864521886882,73.39306640625
stall,prereg_C1,P2,poisson,yes,ritz,plain,20,10,1.0,12000,False,"12000 it, constant lr",0.04764128476381302,0.04764142632484436,,0.04764128476381302,29.254403999999905,29.254403999999905,8450,0.901527609136667,89.9873046875
stall,prereg_C1,P2,poisson,yes,ritz,plain,20,11,1.0,12000,False,"12000 it, constant lr",0.06450997292995453,0.06451016664505005,,0.06450997292995453,28.509471000000026,28.509471000000026,8750,0.9289558603415147,91.205078125
stall,prereg_C1,P2,poisson,yes,ritz,plain,20,12,1.0,12000,False,"12000 it, constant lr",0.059379320591688156,0.05937949940562248,,0.059379320591688156,28.77523299999865,28.77523299999865,8500,0.8411774059464491,85.22021484375
stall,prereg_C1,P2,poisson,yes,ritz,presolve,20,10,1.0,12000,False,"12000 it, constant lr",0.12399940192699432,0.12399977445602417,0.384205762475066,0.04764128476381302,30.050306000000162,29.254403999999905,,0.05409227486269029,92.685546875
stall,prereg_C1,P2,poisson,yes,ritz,presolve,20,11,1.0,12000,False,"12000 it, constant lr",0.12654243409633636,0.1265428215265274,0.5097892528354819,0.06450997292995453,29.50867899999929,28.509471000000026,,-5.827815240521012e-07,86.4462890625
stall,prereg_C1,P2,poisson,yes,ritz,presolve,20,12,1.0,12000,False,"12000 it, constant lr",0.12656867504119873,0.12656904757022858,0.4691470505823016,0.059379320591688156,30.086262999998922,28.77523299999865,,-4.582143272075866e-07,86.9130859375
d10,prereg_C1 (secondary),P1,laplace,no,ritz,lift3c,10,10,100.0,4000,True,4000 it,0.012169077061116695,0.03304653242230415,1.3755552676255451,0.016739238053560257,10.943172999999767,9.482038000000015,550,0.9947831417192687,122.10693359375
d10,prereg_C1 (secondary),P1,laplace,no,ritz,lift3c,10,11,100.0,4000,True,4000 it,0.012224665842950344,0.033197492361068726,1.2771020563174156,0.015612145885825157,10.648042000000345,9.160169000000707,550,1.0035806109237952,91.39599609375
d10,prereg_C1 (secondary),P1,laplace,no,ritz,lift3c,10,12,100.0,4000,True,4000 it,0.011881113983690739,0.03226453810930252,1.6969075386080494,0.020161151885986328,11.320938999998816,9.622908999998856,550,1.0059168582544231,83.81298828125
d10,prereg_C1 (secondary),P1,laplace,no,ritz,plain,10,10,100.0,4000,True,4000 it,0.016739238053560257,0.04545733705163002,,0.016739238053560257,9.482038000000015,9.482038000000015,800,1.0045682401797398,118.88671875
d10,prereg_C1 (secondary),P1,laplace,no,ritz,plain,10,11,100.0,4000,True,4000 it,0.015612145885825157,0.04239658638834953,,0.015612145885825157,9.160169000000707,9.160169000000707,750,1.005541001443672,94.3115234375
d10,prereg_C1 (secondary),P1,laplace,no,ritz,plain,10,12,100.0,4000,True,4000 it,0.020161151885986328,0.05474993586540222,,0.020161151885986328,9.622908999998856,9.622908999998856,750,1.0009438373367796,83.8212890625
d10,prereg_C1 (secondary),P1,laplace,no,ritz,presolve,10,10,100.0,4000,True,4000 it,0.010302707552909851,0.027978193014860153,1.624741648503116,0.016739238053560257,9.63450799999992,9.482038000000015,350,1.0083190116904568,121.2548828125
d10,prereg_C1 (secondary),P1,laplace,no,ritz,presolve,10,11,100.0,4000,True,4000 it,0.010055135935544968,0.027305882424116135,1.55265388612362,0.015612145885825157,9.397614000000203,9.160169000000707,250,1.00999455398505,92.9560546875
d10,prereg_C1 (secondary),P1,laplace,no,ritz,presolve,10,12,100.0,4000,True,4000 it,0.010208293795585632,0.027721799910068512,1.9749776299252482,0.020161151885986328,9.881969000001845,9.622908999998856,300,1.009804443503225,84.49853515625
d10,prereg_C1 (secondary),P2,poisson,yes,ritz,lift3c,10,10,1.0,4000,True,4000 it,0.016583561897277832,0.016583982855081558,4.873463479329754,0.08081938326358795,10.841237000000334,9.31072500000002,50,0.971944978238079,116.3583984375
d10,prereg_C1 (secondary),P2,poisson,yes,ritz,lift3c,10,11,1.0,4000,True,4000 it,0.016238601878285408,0.01623901166021824,5.454189494350389,0.08856841176748276,10.89748000000057,9.278936000000726,50,0.968744103873979,90.83056640625
d10,prereg_C1 (secondary),P2,poisson,yes,ritz,lift3c,10,12,1.0,4000,True,4000 it,0.016592402011156082,0.01659282296895981,3.941437215044761,0.06539791077375412,11.85086800000255,9.954460999998446,50,0.9687497390168328,80.119140625
d10,prereg_C1 (secondary),P2,poisson,yes,ritz,plain,10,10,1.0,4000,True,4000 it,0.08081938326358795,0.08082142472267151,,0.08081938326358795,9.31072500000002,9.31072500000002,1950,0.6501326730529483,120.82177734375
d10,prereg_C1 (secondary),P2,poisson,yes,ritz,plain,10,11,1.0,4000,True,4000 it,0.08856841176748276,0.08857064694166183,,0.08856841176748276,9.278936000000726,9.278936000000726,2550,0.5580995386262478,91.35400390625
d10,prereg_C1 (secondary),P2,poisson,yes,ritz,plain,10,12,1.0,4000,True,4000 it,0.06539791077375412,0.06539957225322723,,0.06539791077375412,9.954460999998446,9.954460999998446,1850,0.7806353486635478,84.92333984375
d10,prereg_C1 (secondary),P2,poisson,yes,ritz,presolve,10,10,1.0,4000,True,4000 it,0.09333784878253937,0.09334021806716919,0.8658800724225258,0.08081938326358795,9.565306000000177,9.31072500000002,1850,0.5756645321094102,117.72265625
d10,prereg_C1 (secondary),P2,poisson,yes,ritz,presolve,10,11,1.0,4000,True,4000 it,0.09009379148483276,0.09009607881307602,0.9830689807564953,0.08856841176748276,9.517484000000138,9.278936000000726,1850,0.6241453659658714,91.92041015625
d10,prereg_C1 (secondary),P2,poisson,yes,ritz,presolve,10,12,1.0,4000,True,4000 it,0.09796429425477982,0.09796677529811859,0.6675688450699298,0.06539791077375412,10.363112000001479,9.954460999998446,1950,0.5523459777530386,83.13134765625
d10,prereg_C1 (secondary),P3,ridge,no,ritz,lift3c,10,10,100.0,4000,True,4000 it,0.014733480289578438,0.02052481286227703,1.536034428418692,0.02263113297522068,10.811907000000275,9.116554999999302,150,0.9983758134613426,103.96435546875
d10,prereg_C1 (secondary),P3,ridge,no,ritz,lift3c,10,11,100.0,4000,True,4000 it,0.012932473793625832,0.018015878275036812,2.011882065409403,0.02601861208677292,10.80994500000017,9.228984000000025,150,0.9988252334177109,82.83154296875
d10,prereg_C1 (secondary),P3,ridge,no,ritz,lift3c,10,12,100.0,4000,True,4000 it,0.012114458717405796,0.016876325011253357,2.292040906837366,0.027766834944486618,10.777492999999993,9.475629000000708,150,0.9995804098556862,75.3037109375
d10,prereg_C1 (secondary),P3,ridge,no,ritz,plain,10,10,100.0,4000,True,4000 it,0.02263113297522068,0.03152681887149811,,0.02263113297522068,9.116554999999302,9.116554999999302,250,0.9974056136629234,113.25390625
d10,prereg_C1 (secondary),P3,ridge,no,ritz,plain,10,11,100.0,4000,True,4000 it,0.02601861208677292,0.03624582290649414,,0.02601861208677292,9.228984000000025,9.228984000000025,300,0.9981770370246669,86.72412109375
d10,prereg_C1 (secondary),P3,ridge,no,ritz,plain,10,12,100.0,4000,True,4000 it,0.027766834944486618,0.03868122771382332,,0.027766834944486618,9.475629000000708,9.475629000000708,250,0.9965311049139676,80.3408203125
d10,prereg_C1 (secondary),P3,ridge,no,ritz,presolve,10,10,100.0,4000,True,4000 it,0.03184588998556137,0.04436364769935608,0.7106453292868067,0.02263113297522068,9.339584000000485,9.116554999999302,200,0.9974553802297179,109.33251953125
d10,prereg_C1 (secondary),P3,ridge,no,ritz,presolve,10,11,100.0,4000,True,4000 it,0.03537866845726967,0.04928506538271904,0.7354322031140935,0.02601861208677292,9.571433000000042,9.228984000000025,250,0.9942016256173548,84.81884765625
d10,prereg_C1 (secondary),P3,ridge,no,ritz,presolve,10,12,100.0,4000,True,4000 it,0.0314323864877224,0.04378760606050491,0.8833829704700419,0.027766834944486618,9.263073999998994,9.475629000000708,200,0.9954933581445475,80.576171875
d10,prereg_C1 (secondary),P4,cospair,no,ritz,lift3c,10,10,1.0,4000,True,4000 it,0.040548890829086304,0.0405488945543766,4.6801697051657545,0.18977569043636322,10.992892000000339,9.39700800000034,200,0.9941872829760798,96.8095703125
d10,prereg_C1 (secondary),P4,cospair,no,ritz,lift3c,10,11,1.0,4000,True,4000 it,0.040384192019701004,0.0403841994702816,3.6885017539240863,0.14895716309547424,11.673631999999174,9.594386999998875,200,0.9947118283431532,85.66650390625
d10,prereg_C1 (secondary),P4,cospair,no,ritz,lift3c,10,12,1.0,4000,True,4000 it,0.03990056738257408,0.03990057483315468,4.688599009198909,0.18707776069641113,10.851585999999884,9.390291000001298,200,0.9956796764351964,69.5546875
d10,prereg_C1 (secondary),P4,cospair,no,ritz,plain,10,10,1.0,4000,True,4000 it,0.18977569043636322,0.1897757202386856,,0.18977569043636322,9.39700800000034,9.39700800000034,200,0.8875152021295785,100.814453125
d10,prereg_C1 (secondary),P4,cospair,no,ritz,plain,10,11,1.0,4000,True,4000 it,0.14895716309547424,0.14895717799663544,,0.14895716309547424,9.594386999998875,9.594386999998875,200,0.9274590476352512,82.4306640625
d10,prereg_C1 (secondary),P4,cospair,no,ritz,plain,10,12,1.0,4000,True,4000 it,0.18707776069641113,0.18707777559757233,,0.18707776069641113,9.390291000001298,9.390291000001298,200,0.8921575656260516,72.87060546875
d10,prereg_C1 (secondary),P4,cospair,no,ritz,presolve,10,10,1.0,4000,True,4000 it,0.18977569043636322,0.1897757202386856,1.0,0.18977569043636322,9.704010999999568,9.39700800000034,200,0.8875152021295785,98.8310546875
d10,prereg_C1 (secondary),P4,cospair,no,ritz,presolve,10,11,1.0,4000,True,4000 it,0.14895716309547424,0.14895717799663544,1.0,0.14895716309547424,9.921976999999373,9.594386999998875,200,0.9274590476352512,83.7958984375
d10,prereg_C1 (secondary),P4,cospair,no,ritz,presolve,10,12,1.0,4000,True,4000 it,0.18707776069641113,0.18707777559757233,1.0,0.18707776069641113,9.620880999999315,9.390291000001298,200,0.8921575656260516,71.1318359375
posthoc_lift1,exploratory (later choice, notes/VERIFICATION.md section 4),P1,laplace,no,pinn,lift1,20,10,1000.0,4000,True,4000 it,0.030823364853858948,0.1143512949347496,1.509475731694288,0.04652712121605873,33.874880000000054,28.304767999999783,850,0.8807437390910322,59.06640625
posthoc_lift1,exploratory (later choice, notes/VERIFICATION.md section 4),P1,laplace,no,pinn,lift1,20,11,1000.0,4000,True,4000 it,0.03167141228914261,0.11749744415283203,1.4563018350382804,0.04612313583493233,31.46497199999874,30.63884600000472,1050,0.879042344143019,40.01416015625
posthoc_lift1,exploratory (later choice, notes/VERIFICATION.md section 4),P1,laplace,no,pinn,lift1,20,12,1000.0,4000,True,4000 it,0.02388954535126686,0.08862758427858353,2.268194662519545,0.0541861392557621,31.728667999997924,27.685517000001028,950,0.9202502359021354,31.84912109375
posthoc_lift1,exploratory (later choice, notes/VERIFICATION.md section 4),P1,laplace,no,pinn,lift1,20,13,1000.0,4000,True,4000 it,0.025004131719470024,0.09276256710290909,1.7791211272415186,0.04448537901043892,31.734735000002274,31.784701000005043,1050,0.9093177640084027,31.05712890625
posthoc_lift1,exploratory (later choice, notes/VERIFICATION.md section 4),P1,laplace,no,pinn,lift1,20,14,1000.0,4000,True,4000 it,0.021852407604455948,0.08107002824544907,2.2185979415819506,0.04848170652985573,27.257919999995238,32.05433999999332,1100,0.9204196713769855,19.98046875
posthoc_lift1,exploratory (later choice, notes/VERIFICATION.md section 4),P1,laplace,no,ritz,lift1,20,10,100.0,4000,True,4000 it,0.0442439466714859,0.16414014995098114,1.0841264586191184,0.04796603322029114,9.96792799999999,7.738603999999985,700,0.8820123086870456,59.68505859375
posthoc_lift1,exploratory (later choice, notes/VERIFICATION.md section 4),P1,laplace,no,ritz,lift1,20,11,100.0,4000,True,4000 it,0.055087022483348846,0.2043667882680893,0.8289703806845193,0.04566550999879837,8.983196999999848,8.082380000004832,800,0.8287546306175437,43.04638671875
posthoc_lift1,exploratory (later choice, notes/VERIFICATION.md section 4),P1,laplace,no,ritz,lift1,20,12,100.0,4000,True,4000 it,0.04555642232298851,0.16900931298732758,1.1715006976472813,0.05336938053369522,8.53345700000051,7.608438999996679,750,0.8844121336226655,40.0556640625
posthoc_lift1,exploratory (later choice, notes/VERIFICATION.md section 4),P1,laplace,no,ritz,lift1,20,13,100.0,4000,True,4000 it,0.04881615564227104,0.18110255897045135,0.8876263384571429,0.04333050549030304,8.911944999998866,8.701560999998946,750,0.8586670414867598,36.5302734375
posthoc_lift1,exploratory (later choice, notes/VERIFICATION.md section 4),P1,laplace,no,ritz,lift1,20,14,100.0,4000,True,4000 it,0.05165273696184158,0.19162596762180328,0.9167892136887824,0.047354672104120255,7.684497000001102,8.172244000001228,800,0.8502730079782221,13.77587890625
posthoc_lift1,exploratory (later choice, notes/VERIFICATION.md section 4),P2,poisson,yes,pinn,lift1,20,10,1000.0,4000,True,4000 it,0.07501644641160965,0.07501666992902756,1.874612567843769,0.14062677323818207,34.030725999999774,31.2393419999986,1700,0.6438960725366208,44.5361328125
posthoc_lift1,exploratory (later choice, notes/VERIFICATION.md section 4),P2,poisson,yes,pinn,lift1,20,11,1000.0,4000,True,4000 it,0.06730552017688751,0.06730572134256363,2.183542674156045,0.14696447551250458,30.481041000001028,27.600261000000728,1750,0.6877775963308053,32.3515625
posthoc_lift1,exploratory (later choice, notes/VERIFICATION.md section 4),P2,poisson,yes,pinn,lift1,20,12,1000.0,4000,True,4000 it,0.06695066392421722,0.06695085763931274,2.1907705860449505,0.1466735452413559,31.22459499999917,27.929179999997586,1750,0.6920436216383269,36.03271484375
posthoc_lift1,exploratory (later choice, notes/VERIFICATION.md section 4),P2,poisson,yes,pinn,lift1,20,13,1000.0,4000,True,4000 it,0.0795515775680542,0.0795518159866333,1.8464351060274797,0.14688682556152344,27.877882999994767,30.360928999999032,2000,0.5724271519370264,22.734375
posthoc_lift1,exploratory (later choice, notes/VERIFICATION.md section 4),P2,poisson,yes,pinn,lift1,20,14,1000.0,4000,True,4000 it,0.07358243316411972,0.07358264923095703,1.9512162078284807,0.14357523620128632,27.96099499999991,29.883509999999205,1950,0.6068315274303403,36.23876953125
posthoc_lift1,exploratory (later choice, notes/VERIFICATION.md section 4),P2,poisson,yes,ritz,lift1,20,10,1.0,4000,True,4000 it,0.08069043606519699,0.08069068193435669,1.5657159540823633,0.12633830308914185,9.225592999999904,8.049028000001186,1850,0.6015005483903166,56.50927734375
posthoc_lift1,exploratory (later choice, notes/VERIFICATION.md section 4),P2,poisson,yes,ritz,lift1,20,11,1.0,4000,True,4000 it,0.08410834521055222,0.08410859853029251,1.5058473282131692,0.12665432691574097,8.80395999999891,7.742268000000536,2550,0.5494013212902412,38.150390625
posthoc_lift1,exploratory (later choice, notes/VERIFICATION.md section 4),P2,poisson,yes,ritz,lift1,20,12,1.0,4000,True,4000 it,0.0698709785938263,0.06987117975950241,1.802831842100661,0.12596562504768372,8.326988000000426,8.25878900000248,1850,0.7062602134029613,29.93896484375
posthoc_lift1,exploratory (later choice, notes/VERIFICATION.md section 4),P2,poisson,yes,ritz,lift1,20,13,1.0,4000,True,4000 it,0.0914447158575058,0.09144498407840729,1.386721410075136,0.12680834531784058,8.409956000003831,8.46226300000967,,0.46883156318011066,28.998046875
posthoc_lift1,exploratory (later choice, notes/VERIFICATION.md section 4),P2,poisson,yes,ritz,lift1,20,14,1.0,4000,True,4000 it,0.07950866222381592,0.07950890064239502,1.5853869081978569,0.12605199217796326,8.030754000005231,8.22048500002711,2000,0.6001308770403248,20.80615234375
posthoc_lift1,exploratory (later choice, notes/VERIFICATION.md section 4),P3,ridge,no,pinn,lift1,20,10,1000.0,4000,True,4000 it,0.010675331577658653,0.01493017002940178,2.389679783294293,0.025510624051094055,32.983167000000066,27.323306000000343,100,0.9995253202316688,40.57958984375
posthoc_lift1,exploratory (later choice, notes/VERIFICATION.md section 4),P3,ridge,no,pinn,lift1,20,11,1000.0,4000,True,4000 it,0.01202078815549612,0.016811881214380264,1.9885326223929036,0.023903729394078255,30.022120999999856,28.158429000001888,100,0.9996470587640021,30.93212890625
posthoc_lift1,exploratory (later choice, notes/VERIFICATION.md section 4),P3,ridge,no,pinn,lift1,20,12,1000.0,4000,True,4000 it,0.011581835336983204,0.01619797572493553,2.2167529316934895,0.025674067437648773,33.89492099999933,31.631536000004644,100,0.9998281658130038,46.89794921875
posthoc_lift1,exploratory (later choice, notes/VERIFICATION.md section 4),P3,ridge,no,pinn,lift1,20,13,1000.0,4000,True,4000 it,0.011820023879408836,0.016531098634004593,1.8895645910296641,0.02233469858765602,27.86332000000948,35.2881740000098,100,0.999604176918377,17.51806640625
posthoc_lift1,exploratory (later choice, notes/VERIFICATION.md section 4),P3,ridge,no,pinn,lift1,20,14,1000.0,4000,True,4000 it,0.011801172979176044,0.016504734754562378,2.2160679318083942,0.026152200996875763,27.331332999992924,29.17292899999211,150,0.9996271512673682,41.92333984375
posthoc_lift1,exploratory (later choice, notes/VERIFICATION.md section 4),P3,ridge,no,ritz,lift1,20,10,100.0,4000,True,4000 it,0.013611058704555035,0.019035981968045235,3.120781910729582,0.04247714579105377,9.020130000000051,8.293858000002786,150,1.0003895377888072,42.44189453125
posthoc_lift1,exploratory (later choice, notes/VERIFICATION.md section 4),P3,ridge,no,ritz,lift1,20,11,100.0,4000,True,4000 it,0.015760719776153564,0.022042427211999893,2.380674190022729,0.03752113878726959,8.538568000001362,7.972377000000051,150,1.0003961802317338,31.3623046875
posthoc_lift1,exploratory (later choice, notes/VERIFICATION.md section 4),P3,ridge,no,ritz,lift1,20,12,100.0,4000,True,4000 it,0.015478504821658134,0.021647730842232704,2.2459184214988306,0.034763459116220474,9.324967999998023,8.693832999998449,150,1.0001292173108456,42.45556640625
posthoc_lift1,exploratory (later choice, notes/VERIFICATION.md section 4),P3,ridge,no,ritz,lift1,20,13,100.0,4000,True,4000 it,0.01591322384774685,0.02225571498274803,2.150251886058239,0.03421743959188461,7.995745000002671,9.286482999990312,100,0.9996010889474477,21.55419921875
posthoc_lift1,exploratory (later choice, notes/VERIFICATION.md section 4),P3,ridge,no,ritz,lift1,20,14,100.0,4000,True,4000 it,0.015018792822957039,0.02100479230284691,2.5205261514943347,0.03785526007413864,7.979431000002478,8.058194999998705,150,1.000209569760633,35.49853515625
posthoc_lift1,exploratory (later choice, notes/VERIFICATION.md section 4),P4,cospair,no,pinn,lift1,20,10,1000.0,4000,True,4000 it,0.14728541672229767,0.1472858041524887,1.6772781937802081,0.24703861773014069,32.79332000000031,31.207856000001186,200,1.0047100116248682,43.41845703125
posthoc_lift1,exploratory (later choice, notes/VERIFICATION.md section 4),P4,cospair,no,pinn,lift1,20,11,1000.0,4000,True,4000 it,0.12232716381549835,0.12232748419046402,1.92229058559279,0.2351483553647995,29.785119999999154,27.674213999997733,200,1.006663912827589,43.61669921875
posthoc_lift1,exploratory (later choice, notes/VERIFICATION.md section 4),P4,cospair,no,pinn,lift1,20,12,1000.0,4000,True,4000 it,0.14678692817687988,0.14678731560707092,1.7009490895270023,0.24967709183692932,33.160582999998894,30.5585129999979,200,1.0047736992206537,39.79541015625
posthoc_lift1,exploratory (later choice, notes/VERIFICATION.md section 4),P4,cospair,no,pinn,lift1,20,13,1000.0,4000,True,4000 it,0.15781936049461365,0.15781977772712708,1.625044778255811,0.25646352767944336,27.460644999994088,30.841178000002174,200,1.0015678533276997,15.0078125
posthoc_lift1,exploratory (later choice, notes/VERIFICATION.md section 4),P4,cospair,no,pinn,lift1,20,14,1000.0,4000,True,4000 it,0.13858412206172943,0.13858449459075928,1.7588596531502525,0.24375002086162567,28.106668000001946,29.66776599998684,250,1.0016400005455544,61.20751953125
posthoc_lift1,exploratory (later choice, notes/VERIFICATION.md section 4),P4,cospair,no,ritz,lift1,20,10,1.0,4000,True,4000 it,0.16330893337726593,0.16330936551094055,1.2989417286974552,0.21212878823280334,9.174765999999778,8.024860000003002,200,0.9403232959492993,40.05078125
posthoc_lift1,exploratory (later choice, notes/VERIFICATION.md section 4),P4,cospair,no,ritz,lift1,20,11,1.0,4000,True,4000 it,0.13321594893932343,0.13321630656719208,1.4633562010436052,0.1949423849582672,8.199166000002947,8.323965999999018,200,0.9622605785080828,28.15576171875
posthoc_lift1,exploratory (later choice, notes/VERIFICATION.md section 4),P4,cospair,no,ritz,lift1,20,12,1.0,4000,True,4000 it,0.16286633908748627,0.1628667712211609,1.3077378079603652,0.21298646926879883,9.376681999998596,9.19963199999438,200,0.9397235620068536,45.2216796875
posthoc_lift1,exploratory (later choice, notes/VERIFICATION.md section 4),P4,cospair,no,ritz,lift1,20,13,1.0,4000,True,4000 it,0.16724057495594025,0.16724102199077606,1.2461241209712808,0.20840251445770264,8.058034999999563,8.9021080000025,200,0.9346240483591706,16.8359375
posthoc_lift1,exploratory (later choice, notes/VERIFICATION.md section 4),P4,cospair,no,ritz,lift1,20,14,1.0,4000,True,4000 it,0.15916715562343597,0.1591675877571106,1.2564715700292663,0.19998900592327118,8.105113999998252,8.507750999970085,250,0.9411847373942632,50.94189453125
p5main20,addendum_P5 (not blind),P5,altridge,no,pinn,lift1,20,10,1000.0,4000,True,4000 it,0.01011622417718172,0.0102236894890666,1.3611973913603057,0.013770177960395813,26.661161000000305,26.77772400000019,100,0.9989488934156726,128.24560546875
p5main20,addendum_P5 (not blind),P5,altridge,no,pinn,lift1,20,11,1000.0,4000,True,4000 it,0.01033568475395441,0.010445481166243553,1.2579638573465128,0.013001917861402035,26.4230530000018,27.021734000001487,100,0.9992897849073941,135.509765625
p5main20,addendum_P5 (not blind),P5,altridge,no,pinn,lift1,20,12,1000.0,4000,True,4000 it,0.010023621842265129,0.010130103677511215,1.2145315216827768,0.012174004688858986,27.123391000002243,27.29437000000064,100,0.999566561466712,124.72802734375
p5main20,addendum_P5 (not blind),P5,altridge,no,pinn,lift1,20,13,1000.0,4000,True,4000 it,0.010544360615313053,0.010656374506652355,1.2870029741419322,0.013570623472332954,27.572222000001602,26.580053000004455,100,0.9987763190157822,59.890625
p5main20,addendum_P5 (not blind),P5,altridge,no,pinn,lift1,20,14,1000.0,4000,True,4000 it,0.00928724929690361,0.009385908953845501,1.3549470182232282,0.01258373074233532,27.26581699999997,26.92270600000097,100,0.9996119097115428,74.9765625
p5main20,addendum_P5 (not blind),P5,altridge,no,pinn,lift3c,20,10,1000.0,4000,True,4000 it,0.013646597042679787,0.013791565783321857,1.0090558047057099,0.013770177960395813,28.8542319999995,26.77772400000019,100,0.9987021991721892,117.69873046875
p5main20,addendum_P5 (not blind),P5,altridge,no,pinn,lift3c,20,11,1000.0,4000,True,4000 it,0.013925032690167427,0.014072959311306477,0.9337082469172794,0.013001917861402035,28.463813999999218,27.021734000001487,100,0.9985501345347351,136.46533203125
p5main20,addendum_P5 (not blind),P5,altridge,no,pinn,lift3c,20,12,1000.0,4000,True,4000 it,0.015126965008676052,0.01528766006231308,0.8047883155594397,0.012174004688858986,29.028785000001164,27.29437000000064,100,0.9980510564327824,117.7646484375
p5main20,addendum_P5 (not blind),P5,altridge,no,pinn,lift3c,20,13,1000.0,4000,True,4000 it,0.015604006126523018,0.01576976850628853,0.8696884224664712,0.013570623472332954,29.05080799999189,26.580053000004455,100,0.9975784214957019,60.791015625
p5main20,addendum_P5 (not blind),P5,altridge,no,pinn,lift3c,20,14,1000.0,4000,True,4000 it,0.01422717422246933,0.014378310181200504,0.884485600974895,0.01258373074233532,29.15505999999823,26.92270600000097,100,0.9980366126629362,75.95654296875
p5main20,addendum_P5 (not blind),P5,altridge,no,pinn,plain,20,10,1000.0,4000,True,4000 it,0.013770177960395813,0.013916459865868092,,0.013770177960395813,26.77772400000019,26.77772400000019,150,1.0011521441408968,137.2421875
p5main20,addendum_P5 (not blind),P5,altridge,no,pinn,plain,20,11,1000.0,4000,True,4000 it,0.013001917861402035,0.013140038587152958,,0.013001917861402035,27.021734000001487,27.021734000001487,150,1.002047366362743,160.0888671875
p5main20,addendum_P5 (not blind),P5,altridge,no,pinn,plain,20,12,1000.0,4000,True,4000 it,0.012174004688858986,0.01230333000421524,,0.012174004688858986,27.29437000000064,27.29437000000064,150,1.0009066892532177,110.548828125
p5main20,addendum_P5 (not blind),P5,altridge,no,pinn,plain,20,13,1000.0,4000,True,4000 it,0.013570623472332954,0.013714785687625408,,0.013570623472332954,26.580053000004455,26.580053000004455,150,1.0017243326733418,109.15380859375
p5main20,addendum_P5 (not blind),P5,altridge,no,pinn,plain,20,14,1000.0,4000,True,4000 it,0.01258373074233532,0.012717409059405327,,0.01258373074233532,26.92270600000097,26.92270600000097,150,1.0013416384058085,96.61279296875
p5main20,addendum_P5 (not blind),P5,altridge,no,pinn,presolve,20,10,1000.0,4000,True,4000 it,0.019977709278464317,0.020189935341477394,0.6892771222394284,0.013770177960395813,26.628569999999897,26.77772400000019,300,1.0044141957284407,129.11669921875
p5main20,addendum_P5 (not blind),P5,altridge,no,pinn,presolve,20,11,1000.0,4000,True,4000 it,0.012881265953183174,0.013018104247748852,1.00936646356479,0.013001917861402035,27.38102899999953,27.021734000001487,200,1.0019670419663476,141.2568359375
p5main20,addendum_P5 (not blind),P5,altridge,no,pinn,presolve,20,12,1000.0,4000,True,4000 it,0.014621732756495476,0.014777060598134995,0.8325965801454602,0.012174004688858986,27.759604000000763,27.29437000000064,300,1.0028511673248088,109.36328125
p5main20,addendum_P5 (not blind),P5,altridge,no,pinn,presolve,20,13,1000.0,4000,True,4000 it,0.019009605050086975,0.019211545586586,0.7138824524011278,0.013570623472332954,27.16450400000008,26.580053000004455,350,1.00418065239443,88.19580078125
p5main20,addendum_P5 (not blind),P5,altridge,no,pinn,presolve,20,14,1000.0,4000,True,4000 it,0.01391870342195034,0.014066562987864017,0.9040878565233514,0.01258373074233532,27.23608099999751,26.92270600000097,200,1.0016623732596808,84.6845703125
p5main20,addendum_P5 (not blind),P5,altridge,no,ritz,lift1,20,10,1000.0,4000,True,4000 it,0.02715953066945076,0.027448048815131187,0.887940686757338,0.02411605231463909,8.065682999999915,7.643434000000035,100,1.0001277643038378,147.69775390625
p5main20,addendum_P5 (not blind),P5,altridge,no,ritz,lift1,20,11,1000.0,4000,True,4000 it,0.0396590381860733,0.040080342441797256,0.5747607621794397,0.022794459015130997,8.208091000000138,7.433659000000688,100,0.9983015955294328,158.7470703125
p5main20,addendum_P5 (not blind),P5,altridge,no,ritz,lift1,20,12,1000.0,4000,True,4000 it,0.027315933257341385,0.027606111019849777,0.7805847612670328,0.021322401240468025,7.698410000000422,7.38796399999967,150,1.0004279014945996,114.5576171875
p5main20,addendum_P5 (not blind),P5,altridge,no,ritz,lift1,20,13,1000.0,4000,True,4000 it,0.026073504239320755,0.026350485160946846,0.842550056414775,0.021968232467770576,7.633297999998376,7.434868999998912,100,0.999795887899647,123.32373046875
p5main20,addendum_P5 (not blind),P5,altridge,no,ritz,lift1,20,14,1000.0,4000,True,4000 it,0.022930093109607697,0.023173682391643524,1.0099008163762642,0.023157119750976562,7.757944000002112,7.509671000000026,100,1.0002060386157388,80.279296875
p5main20,addendum_P5 (not blind),P5,altridge,no,ritz,lift3c,20,10,1000.0,4000,True,4000 it,0.042488034814596176,0.04293939098715782,0.5675963225852554,0.02411605231463909,9.260259999999885,7.643434000000035,100,0.9982824280998602,149.01123046875
p5main20,addendum_P5 (not blind),P5,altridge,no,ritz,lift3c,20,11,1000.0,4000,True,4000 it,0.03628382086753845,0.03666926547884941,0.6282265337585823,0.022794459015130997,9.236321999999433,7.433659000000688,100,0.9983415716372752,136.44091796875
p5main20,addendum_P5 (not blind),P5,altridge,no,ritz,lift3c,20,12,1000.0,4000,True,4000 it,0.03340543806552887,0.03376030921936035,0.6382913224679622,0.021322401240468025,8.967862000000139,7.38796399999967,150,0.9987701006575513,123.439453125
p5main20,addendum_P5 (not blind),P5,altridge,no,ritz,lift3c,20,13,1000.0,4000,True,4000 it,0.037523794919252396,0.037922412157058716,0.585448047433478,0.021968232467770576,8.860338999999442,7.434868999998912,100,0.9976550479195025,126.38916015625
p5main20,addendum_P5 (not blind),P5,altridge,no,ritz,lift3c,20,14,1000.0,4000,True,4000 it,0.04064272344112396,0.0410744734108448,0.5697728348476088,0.023157119750976562,9.353453000005516,7.509671000000026,100,0.9973566535898644,65.7919921875
p5main20,addendum_P5 (not blind),P5,altridge,no,ritz,lift3u,20,10,1000.0,4000,True,4000 it,0.029383476823568344,0.029695620760321617,0.8207351519169346,0.02411605231463909,9.463736000000033,7.643434000000035,200,0.9993175775692427,148.8583984375
p5main20,addendum_P5 (not blind),P5,altridge,no,ritz,lift3u,20,11,1000.0,4000,True,4000 it,0.028838684782385826,0.02914504148066044,0.7904125721105514,0.022794459015130997,9.308815999999666,7.433659000000688,200,1.0003655599335666,155.04296875
p5main20,addendum_P5 (not blind),P5,altridge,no,ritz,lift3u,20,12,1000.0,4000,True,4000 it,0.032162416726350784,0.03250408172607422,0.6629601693767777,0.021322401240468025,9.150566999998773,7.38796399999967,200,0.999774317833518,120.22900390625
p5main20,addendum_P5 (not blind),P5,altridge,no,ritz,lift3u,20,13,1000.0,4000,True,4000 it,0.02509010024368763,0.025356635451316833,0.8755737224803445,0.021968232467770576,8.891663999998514,7.434868999998912,150,1.0012153998650029,126.42822265625
p5main20,addendum_P5 (not blind),P5,altridge,no,ritz,lift3u,20,14,1000.0,4000,True,4000 it,0.02297094278037548,0.02321496419608593,1.0081048902685934,0.023157119750976562,9.55730699999856,7.509671000000026,150,1.0013181015335495,70.71142578125
p5main20,addendum_P5 (not blind),P5,altridge,no,ritz,plain,20,10,1000.0,4000,True,4000 it,0.02411605231463909,0.024372238665819168,,0.02411605231463909,7.643434000000035,7.643434000000035,200,1.0005688942186868,135.8291015625
p5main20,addendum_P5 (not blind),P5,altridge,no,ritz,plain,20,11,1000.0,4000,True,4000 it,0.022794459015130997,0.02303660847246647,,0.022794459015130997,7.433659000000688,7.433659000000688,200,1.0003225257158603,134.9111328125
p5main20,addendum_P5 (not blind),P5,altridge,no,ritz,plain,20,12,1000.0,4000,True,4000 it,0.021322401240468025,0.021548910066485405,,0.021322401240468025,7.38796399999967,7.38796399999967,250,1.0005803795229322,133.466796875
p5main20,addendum_P5 (not blind),P5,altridge,no,ritz,plain,20,13,1000.0,4000,True,4000 it,0.021968232467770576,0.022201603278517723,,0.021968232467770576,7.434868999998912,7.434868999998912,200,1.0000864140183554,124.5869140625
p5main20,addendum_P5 (not blind),P5,altridge,no,ritz,plain,20,14,1000.0,4000,True,4000 it,0.023157119750976562,0.023403119295835495,,0.023157119750976562,7.509671000000026,7.509671000000026,200,0.999577318351392,59.01806640625
p5main20,addendum_P5 (not blind),P5,altridge,no,ritz,presolve,20,10,1000.0,4000,True,4000 it,0.06209663301706314,0.06275629252195358,0.3883632838516767,0.02411605231463909,7.747663000000037,7.643434000000035,650,0.9923097864355627,144.19580078125
p5main20,addendum_P5 (not blind),P5,altridge,no,ritz,presolve,20,11,1000.0,4000,True,4000 it,0.02075006067752838,0.02097048982977867,1.098524932980877,0.022794459015130997,7.9261749999987785,7.433659000000688,300,1.00131487890282,136.759765625
p5main20,addendum_P5 (not blind),P5,altridge,no,ritz,presolve,20,12,1000.0,4000,True,4000 it,0.02906307764351368,0.02937181666493416,0.7336594390314605,0.021322401240468025,7.741091999997479,7.38796399999967,450,0.999364932738664,132.7890625
p5main20,addendum_P5 (not blind),P5,altridge,no,ritz,presolve,20,13,1000.0,4000,True,4000 it,0.09908659756183624,0.10013920813798904,0.22170740552536405,0.021968232467770576,7.3675490000001105,7.434868999998912,700,0.981528289888779,125.26025390625
p5main20,addendum_P5 (not blind),P5,altridge,no,ritz,presolve,20,14,1000.0,4000,True,4000 it,0.03086141310632229,0.03118925541639328,0.7503583737788267,0.023157119750976562,7.819907999997213,7.509671000000026,350,0.9982112485706865,59.58544921875
p5main20,addendum_P5 (not blind),P5,altridge,no,ritz,rep3,20,10,1000.0,4000,True,4000 it,0.02454746887087822,0.024808239191770554,0.9824252122078893,0.02411605231463909,8.578755000000022,7.643434000000035,100,0.9998325889597283,147.90869140625
p5main20,addendum_P5 (not blind),P5,altridge,no,ritz,rep3,20,11,1000.0,4000,True,4000 it,0.024470262229442596,0.02473021298646927,0.9315167447492543,0.022794459015130997,8.548891000000026,7.433659000000688,100,1.0000357426627147,166.25244140625
p5main20,addendum_P5 (not blind),P5,altridge,no,ritz,rep3,20,12,1000.0,4000,True,4000 it,0.034665796905756,0.03503405302762985,0.6150846985700652,0.021322401240468025,8.35912300000075,7.38796399999967,100,0.9992283700859337,115.80615234375
p5main20,addendum_P5 (not blind),P5,altridge,no,ritz,rep3,20,13,1000.0,4000,True,4000 it,0.026244811713695526,0.026523612439632416,0.8370504885850154,0.021968232467770576,8.177115999999955,7.434868999998912,100,0.999077227732107,124.1357421875
p5main20,addendum_P5 (not blind),P5,altridge,no,ritz,rep3,20,14,1000.0,4000,True,4000 it,0.019419942051172256,0.01962624117732048,1.1924402086245522,0.023157119750976562,8.328463999996302,7.509671000000026,100,1.0004272595733037,73.8623046875
p5eqcpu,addendum_P5 (not blind),P5,altridge,no,pinn,lift3c,20,10,1000.0,3700,True,equal CPU,0.01591670699417591,0.01608579233288765,0.8651398788351425,0.013770177960395813,27.01152599999992,26.77772400000019,100,0.9984583243812027,69.6484375
p5eqcpu,addendum_P5 (not blind),P5,altridge,no,pinn,lift3c,20,11,1000.0,3700,True,equal CPU,0.018018348142504692,0.018209759145975113,0.7215932203424873,0.013001917861402035,26.823882000000296,27.021734000001487,100,0.9979005678066053,65.25732421875
p5eqcpu,addendum_P5 (not blind),P5,altridge,no,pinn,lift3c,20,12,1000.0,3700,True,equal CPU,0.01770763471722603,0.017895743250846863,0.6875003287150534,0.012174004688858986,26.892046000000192,27.29437000000064,100,0.9976502808066655,80.7275390625
p5eqcpu,addendum_P5 (not blind),P5,altridge,no,pinn,lift3c,20,13,1000.0,3700,True,equal CPU,0.019937889650464058,0.02014969103038311,0.6806449283370919,0.013570623472332954,27.269148000000314,26.580053000004455,100,0.9969728439229559,90.791015625
p5eqcpu,addendum_P5 (not blind),P5,altridge,no,pinn,lift3c,20,14,1000.0,3700,True,equal CPU,0.016529003158211708,0.01670459285378456,0.7613121385413764,0.01258373074233532,27.891310999999263,26.92270600000097,100,0.9976573408102747,110.23974609375
p5eqcpu,addendum_P5 (not blind),P5,altridge,no,ritz,lift3c,20,10,1000.0,3200,True,equal CPU,0.0762740969657898,0.07708435505628586,0.31617617610675275,0.02411605231463909,7.406584000000014,7.643434000000035,100,0.9910346936879048,75.32568359375
p5eqcpu,addendum_P5 (not blind),P5,altridge,no,ritz,lift3c,20,11,1000.0,3200,True,equal CPU,0.07090799510478973,0.07166125625371933,0.32146528725632045,0.022794459015130997,7.4244669999996304,7.433659000000688,100,0.9912881643670197,69.43603515625
p5eqcpu,addendum_P5 (not blind),P5,altridge,no,ritz,lift3c,20,12,1000.0,3200,True,equal CPU,0.06151288002729416,0.06216633692383766,0.3466331153899308,0.021322401240468025,7.367284999999839,7.38796399999967,150,0.9944488530672098,67.87890625
p5eqcpu,addendum_P5 (not blind),P5,altridge,no,ritz,lift3c,20,13,1000.0,3200,True,equal CPU,0.07317780703306198,0.07395517826080322,0.3002034818814023,0.021968232467770576,7.5760439999998965,7.434868999998912,100,0.9939415643364263,82.4306640625
p5eqcpu,addendum_P5 (not blind),P5,altridge,no,ritz,lift3c,20,14,1000.0,3200,True,equal CPU,0.07381787151098251,0.07460204511880875,0.31370614292951104,0.023157119750976562,7.523000000000451,7.509671000000026,100,0.9915830956780094,98.8369140625
p5dim,addendum_P5 (not blind),P5,altridge,no,ritz,lift1,5,10,1000.0,4000,True,4000 it,0.012300803326070309,0.012413445860147476,0.7323580978547136,0.009008592925965786,7.685172000000048,7.531440999999986,100,1.0036384495027397,130.84814453125
p5dim,addendum_P5 (not blind),P5,altridge,no,ritz,lift1,5,11,1000.0,4000,True,4000 it,0.01606537401676178,0.01621248759329319,0.5439015182784249,0.00873798131942749,7.858684000000089,7.494278000000108,100,1.0041062830276917,132.2412109375
p5dim,addendum_P5 (not blind),P5,altridge,no,ritz,lift1,5,12,1000.0,4000,True,4000 it,0.015596711076796055,0.01573953405022621,0.5971057466897787,0.00931288581341505,7.6088199999996675,7.552670000000099,100,1.0062821979467254,129.00830078125
p5dim,addendum_P5 (not blind),P5,altridge,no,ritz,lift3c,5,10,1000.0,4000,True,4000 it,0.018717123195528984,0.018888521939516068,0.4813022189284781,0.009008592925965786,8.403470000000054,7.531440999999986,150,1.0027646719307608,129.18115234375
p5dim,addendum_P5 (not blind),P5,altridge,no,ritz,lift3c,5,11,1000.0,4000,True,4000 it,0.022671038284897804,0.02287864312529564,0.38542484069855115,0.00873798131942749,8.59420000000005,7.494278000000108,150,1.0060285779087172,135.43798828125
p5dim,addendum_P5 (not blind),P5,altridge,no,ritz,lift3c,5,12,1000.0,4000,True,4000 it,0.02835450880229473,0.028614159673452377,0.32844461804470965,0.00931288581341505,8.395786000000115,7.552670000000099,150,1.0093862083260454,131.53857421875
p5dim,addendum_P5 (not blind),P5,altridge,no,ritz,plain,5,10,1000.0,4000,True,4000 it,0.009008592925965786,0.009091086685657501,,0.009008592925965786,7.531440999999986,7.531440999999986,150,1.0024232038352956,125.34619140625
p5dim,addendum_P5 (not blind),P5,altridge,no,ritz,plain,5,11,1000.0,4000,True,4000 it,0.00873798131942749,0.008817996829748154,,0.00873798131942749,7.494278000000108,7.494278000000108,150,1.0018285201167194,131.55908203125
p5dim,addendum_P5 (not blind),P5,altridge,no,ritz,plain,5,12,1000.0,4000,True,4000 it,0.00931288581341505,0.009398166090250015,,0.00931288581341505,7.552670000000099,7.552670000000099,200,1.001697477631236,132.54345703125
p5dim,addendum_P5 (not blind),P5,altridge,no,ritz,lift1,10,10,1000.0,4000,True,4000 it,0.014039892703294754,0.014185981824994087,0.9701164560119189,0.013620330952107906,7.8811039999995245,7.463776000000067,100,1.0024727127394035,130.9482421875
p5dim,addendum_P5 (not blind),P5,altridge,no,ritz,lift1,10,11,1000.0,4000,True,4000 it,0.019505925476551056,0.019708890467882156,0.7952422727527949,0.015511936508119106,7.769984000000349,7.6226480000002255,100,1.0005578153674166,125.6259765625
p5dim,addendum_P5 (not blind),P5,altridge,no,ritz,lift1,10,12,1000.0,4000,True,4000 it,0.017256055027246475,0.017435608431696892,0.7116146392043241,0.012279661372303963,7.656778000001253,7.465090999999518,100,1.0035768474880655,120.025390625
p5dim,addendum_P5 (not blind),P5,altridge,no,ritz,lift3c,10,10,1000.0,4000,True,4000 it,0.02103114128112793,0.021249976009130478,0.6476268106443641,0.013620330952107906,8.7445120000002,7.463776000000067,150,0.999775730780383,130.74658203125
p5dim,addendum_P5 (not blind),P5,altridge,no,ritz,lift3c,10,11,1000.0,4000,True,4000 it,0.017277026548981667,0.017456799745559692,0.8978360057583753,0.015511936508119106,8.80265999999962,7.6226480000002255,150,0.9994705846307234,126.837890625
p5dim,addendum_P5 (not blind),P5,altridge,no,ritz,lift3c,10,12,1000.0,4000,True,4000 it,0.023202665150165558,0.023444095626473427,0.5292349517967484,0.012279661372303963,8.664310000000313,7.465090999999518,150,1.0000384980342094,121.98388671875
p5dim,addendum_P5 (not blind),P5,altridge,no,ritz,plain,10,10,1000.0,4000,True,4000 it,0.013620330952107906,0.013762054033577442,,0.013620330952107906,7.463776000000067,7.463776000000067,200,1.0007390603179374,129.72802734375
p5dim,addendum_P5 (not blind),P5,altridge,no,ritz,plain,10,11,1000.0,4000,True,4000 it,0.015511936508119106,0.01567334309220314,,0.015511936508119106,7.6226480000002255,7.6226480000002255,150,0.999959060126071,132.1533203125
p5dim,addendum_P5 (not blind),P5,altridge,no,ritz,plain,10,12,1000.0,4000,True,4000 it,0.012279661372303963,0.012407435104250908,,0.012279661372303963,7.465090999999518,7.465090999999518,200,1.0007891021010182,125.25537109375
