phase,problem_id,problem,method,arm,d,seed,w,iters,schedule,rel_l2,rel_l2_centered,bd_rel_l2,max_abs,cpu_train_s,cpu_shift_s,cpu_total_s,T10,T_half,gamma_end,load1
d10,P4,cospair,ritz,lift3c,10,10,1.0,4000,True,0.040548890829086304,0.0405488945543766,0.042155228555202484,0.3684353828430176,10.992892000000339,0.0,10.992892000000339,150,200,0.9941872829760798,96.8095703125
d10,P4,cospair,ritz,lift3c,10,11,1.0,4000,True,0.040384192019701004,0.0403841994702816,0.04115337133407593,0.39804840087890625,11.673631999999174,0.0,11.673631999999174,150,200,0.9947118283431532,85.66650390625
d10,P4,cospair,ritz,lift3c,10,12,1.0,4000,True,0.03990056738257408,0.03990057483315468,0.04243099316954613,0.5143194198608398,10.851585999999884,0.0,10.851585999999884,200,200,0.9956796764351964,69.5546875
d10,P4,cospair,ritz,plain,10,10,1.0,4000,True,0.18977569043636322,0.1897757202386856,0.1876533031463623,0.9855972528457642,9.39700800000034,0.0,9.39700800000034,150,200,0.8875152021295785,100.814453125
d10,P4,cospair,ritz,plain,10,11,1.0,4000,True,0.14895716309547424,0.14895717799663544,0.15613797307014465,0.7647693157196045,9.594386999998875,0.0,9.594386999998875,150,200,0.9274590476352512,82.4306640625
d10,P4,cospair,ritz,plain,10,12,1.0,4000,True,0.18707776069641113,0.18707777559757233,0.18622709810733795,0.8774600028991699,9.390291000001298,0.0,9.390291000001298,150,200,0.8921575656260516,72.87060546875
d10,P4,cospair,ritz,presolve,10,10,1.0,4000,True,0.18977569043636322,0.1897757202386856,0.1876533031463623,0.9855972528457642,9.70238899999957,0.0016219999999975698,9.704010999999568,150,200,0.8875152021295785,98.8310546875
d10,P4,cospair,ritz,presolve,10,11,1.0,4000,True,0.14895716309547424,0.14895717799663544,0.15613797307014465,0.7647693157196045,9.920364999999379,0.0016119999999943957,9.921976999999373,150,200,0.9274590476352512,83.7958984375
d10,P4,cospair,ritz,presolve,10,12,1.0,4000,True,0.18707776069641113,0.18707777559757233,0.18622709810733795,0.8774600028991699,9.619182999999339,0.0016979999999762185,9.620880999999315,150,200,0.8921575656260516,71.1318359375
d10,P1,laplace,ritz,lift3c,10,10,100.0,4000,True,0.012169077061116695,0.03304653242230415,0.013841425068676472,0.12801837921142578,10.943172999999767,0.0,10.943172999999767,400,550,0.9947831417192687,122.10693359375
d10,P1,laplace,ritz,lift3c,10,11,100.0,4000,True,0.012224665842950344,0.033197492361068726,0.013531227596104145,0.1181219220161438,10.648042000000345,0.0,10.648042000000345,400,550,1.0035806109237952,91.39599609375
d10,P1,laplace,ritz,lift3c,10,12,100.0,4000,True,0.011881113983690739,0.03226453810930252,0.013473503291606903,0.10351824760437012,11.320938999998816,0.0,11.320938999998816,400,550,1.0059168582544231,83.81298828125
d10,P1,laplace,ritz,plain,10,10,100.0,4000,True,0.016739238053560257,0.04545733705163002,0.017313562333583832,0.18523120880126953,9.482038000000015,0.0,9.482038000000015,550,800,1.0045682401797398,118.88671875
d10,P1,laplace,ritz,plain,10,11,100.0,4000,True,0.015612145885825157,0.04239658638834953,0.016285713762044907,0.17459344863891602,9.160169000000707,0.0,9.160169000000707,500,750,1.005541001443672,94.3115234375
d10,P1,laplace,ritz,plain,10,12,100.0,4000,True,0.020161151885986328,0.05474993586540222,0.021462352946400642,0.3188779354095459,9.622908999998856,0.0,9.622908999998856,500,750,1.0009438373367796,83.8212890625
d10,P1,laplace,ritz,presolve,10,10,100.0,4000,True,0.010302707552909851,0.027978193014860153,0.012101791799068451,0.15717273950576782,9.63279599999992,0.0017119999999994917,9.63450799999992,200,350,1.0083190116904568,121.2548828125
d10,P1,laplace,ritz,presolve,10,11,100.0,4000,True,0.010055135935544968,0.027305882424116135,0.011166786774992943,0.12579655647277832,9.395767000000205,0.0018469999999979336,9.397614000000203,150,250,1.00999455398505,92.9560546875
d10,P1,laplace,ritz,presolve,10,12,100.0,4000,True,0.010208293795585632,0.027721799910068512,0.011851412244141102,0.13926953077316284,9.880284000001836,0.0016850000000090404,9.881969000001845,200,300,1.009804443503225,84.49853515625
d10,P2,poisson,ritz,lift3c,10,10,1.0,4000,True,0.016583561897277832,0.016583982855081558,0.017946826294064522,0.1740100383758545,10.841237000000334,0.0,10.841237000000334,0,50,0.971944978238079,116.3583984375
d10,P2,poisson,ritz,lift3c,10,11,1.0,4000,True,0.016238601878285408,0.01623901166021824,0.017712388187646866,0.17722129821777344,10.89748000000057,0.0,10.89748000000057,50,50,0.968744103873979,90.83056640625
d10,P2,poisson,ritz,lift3c,10,12,1.0,4000,True,0.016592402011156082,0.01659282296895981,0.017843274399638176,0.17657780647277832,11.85086800000255,0.0,11.85086800000255,50,50,0.9687497390168328,80.119140625
d10,P2,poisson,ritz,plain,10,10,1.0,4000,True,0.08081938326358795,0.08082142472267151,0.08146429806947708,0.22142398357391357,9.31072500000002,0.0,9.31072500000002,1600,1950,0.6501326730529483,120.82177734375
d10,P2,poisson,ritz,plain,10,11,1.0,4000,True,0.08856841176748276,0.08857064694166183,0.0888773649930954,0.21870768070220947,9.278936000000726,0.0,9.278936000000726,1450,2550,0.5580995386262478,91.35400390625
d10,P2,poisson,ritz,plain,10,12,1.0,4000,True,0.06539791077375412,0.06539957225322723,0.06398850679397583,0.1859380602836609,9.954460999998446,0.0,9.954460999998446,1550,1850,0.7806353486635478,84.92333984375
d10,P2,poisson,ritz,presolve,10,10,1.0,4000,True,0.09333784878253937,0.09334021806716919,0.09073087573051453,0.2249891757965088,9.561827000000179,0.0034789999999986776,9.565306000000177,1050,1850,0.5756645321094102,117.72265625
d10,P2,poisson,ritz,presolve,10,11,1.0,4000,True,0.09009379148483276,0.09009607881307602,0.08786817640066147,0.20618528127670288,9.514593000000161,0.0028909999999768843,9.517484000000138,1050,1850,0.6241453659658714,91.92041015625
d10,P2,poisson,ritz,presolve,10,12,1.0,4000,True,0.09796429425477982,0.09796677529811859,0.0949326679110527,0.2518269419670105,10.35679600000151,0.00631599999996979,10.363112000001479,950,1950,0.5523459777530386,83.13134765625
d10,P3,ridge,ritz,lift3c,10,10,100.0,4000,True,0.014733480289578438,0.02052481286227703,0.020770477131009102,0.5878713130950928,10.811907000000275,0.0,10.811907000000275,100,150,0.9983758134613426,103.96435546875
d10,P3,ridge,ritz,lift3c,10,11,100.0,4000,True,0.012932473793625832,0.018015878275036812,0.018309051170945168,0.5253750085830688,10.80994500000017,0.0,10.80994500000017,150,150,0.9988252334177109,82.83154296875
d10,P3,ridge,ritz,lift3c,10,12,100.0,4000,True,0.012114458717405796,0.016876325011253357,0.017827922478318214,0.5368759036064148,10.777492999999993,0.0,10.777492999999993,100,150,0.9995804098556862,75.3037109375
d10,P3,ridge,ritz,plain,10,10,100.0,4000,True,0.02263113297522068,0.03152681887149811,0.028344595804810524,0.832683801651001,9.116554999999302,0.0,9.116554999999302,200,250,0.9974056136629234,113.25390625
d10,P3,ridge,ritz,plain,10,11,100.0,4000,True,0.02601861208677292,0.03624582290649414,0.03316732868552208,0.8088644742965698,9.228984000000025,0.0,9.228984000000025,250,300,0.9981770370246669,86.72412109375
d10,P3,ridge,ritz,plain,10,12,100.0,4000,True,0.027766834944486618,0.03868122771382332,0.033182866871356964,0.8910187482833862,9.475629000000708,0.0,9.475629000000708,200,250,0.9965311049139676,80.3408203125
d10,P3,ridge,ritz,presolve,10,10,100.0,4000,True,0.03184588998556137,0.04436364769935608,0.03797551617026329,0.7963043451309204,9.339007000000493,0.0005769999999927222,9.339584000000485,150,200,0.9974553802297179,109.33251953125
d10,P3,ridge,ritz,presolve,10,11,100.0,4000,True,0.03537866845726967,0.04928506538271904,0.04332964867353439,1.073670744895935,9.570811000000049,0.000621999999992795,9.571433000000042,200,250,0.9942016256173548,84.81884765625
d10,P3,ridge,ritz,presolve,10,12,100.0,4000,True,0.0314323864877224,0.04378760606050491,0.035875752568244934,0.9014497995376587,9.262558999998987,0.0005150000000071486,9.263073999998994,150,200,0.9954933581445475,80.576171875
eqcpu,P4,cospair,pinn,lift3c,20,10,1000.0,3750,True,0.06089295446872711,0.060893118381500244,0.06743425875902176,0.693972110748291,27.781700999998407,0.0,27.781700999998407,200,300,0.9921263893028903,126.82421875
eqcpu,P4,cospair,pinn,lift3c,20,11,1000.0,3750,True,0.06412121653556824,0.06412138789892197,0.07007794827222824,0.789384126663208,27.743709999998657,0.0,27.743709999998657,250,350,0.9922493398332736,126.33056640625
eqcpu,P4,cospair,pinn,lift3c,20,12,1000.0,3750,True,0.06477087736129761,0.06477104872465134,0.07101418077945709,0.8684592247009277,27.518607000000657,0.0,27.518607000000657,250,300,0.9938847869672909,151.90283203125
eqcpu,P4,cospair,pinn,lift3c,20,13,1000.0,3750,True,0.0681740790605545,0.06817425787448883,0.0745144933462143,0.8954181671142578,29.467542999997363,0.0,29.467542999997363,250,300,0.9921624592975393,118.8173828125
eqcpu,P4,cospair,pinn,lift3c,20,14,1000.0,3750,True,0.06067062169313431,0.06067078188061714,0.0667128711938858,0.9760863780975342,33.500980000000936,0.0,33.500980000000936,200,300,0.9939143705833753,85.044921875
eqcpu,P4,cospair,ritz,lift3c,20,10,1.0,3350,True,0.08296390622854233,0.08296412974596024,0.08586984872817993,1.0281696319580078,7.831435999999243,0.0,7.831435999999243,250,350,0.987641084377332,120.52294921875
eqcpu,P4,cospair,ritz,lift3c,20,11,1.0,3350,True,0.08673343807458878,0.08673366904258728,0.08742094784975052,1.2968196868896484,8.286224999999035,0.0,8.286224999999035,250,350,0.9877738535767566,132.3876953125
eqcpu,P4,cospair,ritz,lift3c,20,12,1.0,3350,True,0.08061127364635468,0.08061148971319199,0.08070026338100433,1.5267786979675293,7.931879999999126,0.0,7.931879999999126,350,400,0.9885752573664263,150.15625
eqcpu,P4,cospair,ritz,lift3c,20,13,1.0,3350,True,0.07816126197576523,0.07816147059202194,0.0808592438697815,1.1825547218322754,7.910173000002487,0.0,7.910173000002487,250,350,0.9860165766775035,126.9091796875
eqcpu,P4,cospair,ritz,lift3c,20,14,1.0,3350,True,0.07807362824678421,0.07807383686304092,0.0804039016366005,0.9796571731567383,9.147477000000322,0.0,9.147477000000322,250,400,0.9915864521886882,73.39306640625
eqcpu,P1,laplace,pinn,lift3c,20,10,1000.0,3650,True,0.01987556926906109,0.07373616844415665,0.022564098238945007,0.44889628887176514,29.08036799999991,0.0,29.08036799999991,600,1050,0.9142643537657531,103.197265625
eqcpu,P1,laplace,pinn,lift3c,20,11,1000.0,3650,True,0.017684906721115112,0.06560905277729034,0.020213745534420013,0.4560985565185547,26.912750000000585,0.0,26.912750000000585,600,1050,0.9254755149008722,138.498046875
eqcpu,P1,laplace,pinn,lift3c,20,12,1000.0,3650,True,0.017997654154896736,0.0667693093419075,0.020331604406237602,0.4927380084991455,26.995423999998252,0.0,26.995423999998252,650,1000,0.9255009238208753,145.72900390625
eqcpu,P1,laplace,pinn,lift3c,20,13,1000.0,3650,True,0.017486494034528732,0.06487296521663666,0.02023770660161972,0.39447009563446045,26.87944499999992,0.0,26.87944499999992,600,1050,0.9304888676083392,152.6552734375
eqcpu,P1,laplace,pinn,lift3c,20,14,1000.0,3650,True,0.020231259986758232,0.07505574822425842,0.023164456710219383,0.5548321008682251,29.213144999994483,0.0,29.213144999994483,600,1100,0.898950240977912,103.35888671875
eqcpu,P1,laplace,ritz,lift3c,20,10,100.0,3250,True,0.028779804706573486,0.10676990449428558,0.03167431056499481,0.5180017948150635,8.20433000000003,0.0,8.20433000000003,550,1000,0.8948576720434931,71.1953125
eqcpu,P1,laplace,ritz,lift3c,20,11,100.0,3250,True,0.022534050047397614,0.08359884470701218,0.025756321847438812,0.48181724548339844,7.837937999999099,0.0,7.837937999999099,550,950,0.9480939604332802,134.05078125
eqcpu,P1,laplace,ritz,lift3c,20,12,100.0,3250,True,0.02510502003133297,0.09313686192035675,0.02790924161672592,0.676922082901001,7.657331999999542,0.0,7.657331999999542,650,1050,0.9281275004249914,132.32958984375
eqcpu,P1,laplace,ritz,lift3c,20,13,100.0,3250,True,0.025425130501389503,0.09432443976402283,0.028476761654019356,0.5190591812133789,7.5265369999982,0.0,7.5265369999982,550,1000,0.931706271878282,153.4130859375
eqcpu,P1,laplace,ritz,lift3c,20,14,100.0,3250,True,0.025647282600402832,0.09514859318733215,0.028334615752100945,0.6284968852996826,7.9895569999971485,0.0,7.9895569999971485,600,1000,0.9305888769029166,115.5361328125
eqcpu,P2,poisson,pinn,lift3c,20,10,1000.0,3550,True,0.010547010228037834,0.010547041893005371,0.012211989611387253,0.174943208694458,29.04827699999987,0.0,29.04827699999987,50,150,0.982444056906389,123.484375
eqcpu,P2,poisson,pinn,lift3c,20,11,1000.0,3550,True,0.015429338440299034,0.01542938407510519,0.016850445419549942,0.18529367446899414,26.88250200000104,0.0,26.88250200000104,50,150,0.9823378187490011,133.4716796875
eqcpu,P2,poisson,pinn,lift3c,20,12,1000.0,3550,True,0.011654434725642204,0.011654469184577465,0.013188996352255344,0.14390850067138672,25.747831000000588,0.0,25.747831000000588,50,150,0.9820010234484656,140.21337890625
eqcpu,P2,poisson,pinn,lift3c,20,13,1000.0,3550,True,0.010497097857296467,0.010497129522264004,0.011833573691546917,0.14648675918579102,26.464083999998138,0.0,26.464083999998138,50,150,0.9790471812468554,150.49365234375
eqcpu,P2,poisson,pinn,lift3c,20,14,1000.0,3550,True,0.010666870512068272,0.010666902177035809,0.012384084053337574,0.12560582160949707,30.38711399999295,0.0,30.38711399999295,50,150,0.9879218030592755,88.16455078125
eqcpu,P2,poisson,ritz,lift3c,20,10,1.0,3350,True,0.020540578290820122,0.020540639758110046,0.021820131689310074,0.2574293613433838,8.862556000000097,0.0,8.862556000000097,50,50,0.9741708907305652,99.89794921875
eqcpu,P2,poisson,ritz,lift3c,20,11,1.0,3350,True,0.02034720405936241,0.020347263664007187,0.02174638770520687,0.25919342041015625,8.269569000000104,0.0,8.269569000000104,50,50,0.9663948501714499,132.66552734375
eqcpu,P2,poisson,ritz,lift3c,20,12,1.0,3350,True,0.020394232124090195,0.02039429359138012,0.02197594940662384,0.2616140842437744,7.722862999999961,0.0,7.722862999999961,50,50,0.9710296206380851,145.75048828125
eqcpu,P2,poisson,ritz,lift3c,20,13,1.0,3350,True,0.02019275166094303,0.020192811265587807,0.021594887599349022,0.2594916820526123,8.016176000000655,0.0,8.016176000000655,50,50,0.9685397763896653,151.39794921875
eqcpu,P2,poisson,ritz,lift3c,20,14,1.0,3350,True,0.020132187753915787,0.020132247358560562,0.021386712789535522,0.2570958137512207,9.618551000006619,0.0,9.618551000006619,50,50,0.9662580478866712,101.09326171875
eqcpu,P3,ridge,pinn,lift3c,20,10,1000.0,3750,True,0.01464309822767973,0.020479358732700348,0.02162358909845352,0.6991501450538635,28.582205999999516,0.0,28.582205999999516,100,150,0.9992355162641541,124.833984375
eqcpu,P3,ridge,pinn,lift3c,20,11,1000.0,3750,True,0.014001023955643177,0.019581373780965805,0.020216427743434906,0.7116295099258423,27.795328999999583,0.0,27.795328999999583,100,150,0.9992394555929862,134.69970703125
eqcpu,P3,ridge,pinn,lift3c,20,12,1000.0,3750,True,0.01642591319978237,0.022972743958234787,0.023955507203936577,0.7547361850738525,27.250017999998306,0.0,27.250017999998306,100,150,0.998881333081337,147.90673828125
eqcpu,P3,ridge,pinn,lift3c,20,13,1000.0,3750,True,0.016108760610222816,0.02252918668091297,0.024508358910679817,0.692142903804779,28.512795999998843,0.0,28.512795999998843,100,150,0.9990109539619421,126.197265625
eqcpu,P3,ridge,pinn,lift3c,20,14,1000.0,3750,True,0.01573823019862175,0.02201097458600998,0.02390410751104355,0.6965535879135132,31.97731399999998,0.0,31.97731399999998,100,150,0.9991546902919437,73.412109375
eqcpu,P3,ridge,ritz,lift3c,20,10,100.0,3200,True,0.01878959871828556,0.02627851627767086,0.024890558794140816,0.8745269775390625,8.316366000000798,0.0,8.316366000000798,150,150,0.9993296226862097,123.75830078125
eqcpu,P3,ridge,ritz,lift3c,20,11,100.0,3200,True,0.0175264161080122,0.024511871859431267,0.025421814993023872,0.7544093728065491,7.325856000000641,0.0,7.325856000000641,150,150,0.9996689389926842,135.95166015625
eqcpu,P3,ridge,ritz,lift3c,20,12,100.0,3200,True,0.018574198707938194,0.02597726695239544,0.027931062504649162,0.7534316778182983,7.1299360000007255,0.0,7.1299360000007255,150,150,0.9990945665054066,141.259765625
eqcpu,P3,ridge,ritz,lift3c,20,13,100.0,3200,True,0.01979978196322918,0.027691325172781944,0.02910885587334633,0.7829360961914062,7.942496000002166,0.0,7.942496000002166,150,150,1.0000678431034014,149.31884765625
eqcpu,P3,ridge,ritz,lift3c,20,14,100.0,3200,True,0.019841386005282402,0.02774951234459877,0.02828570455312729,0.841791570186615,8.416598000000135,0.0,8.416598000000135,150,150,0.9991579946953049,83.22216796875
eqcpu,P3,ridge,ritz,presolve,20,10,100.0,3700,True,0.2988395690917969,0.4179472327232361,0.3209654986858368,5.3402204513549805,8.350658999999553,0.002006000000008612,8.352664999999561,250,400,0.7998230102296428,127.50732421875
eqcpu,P3,ridge,ritz,presolve,20,11,100.0,3700,True,0.04701930657029152,0.06575966626405716,0.060296908020973206,1.4659456014633179,7.091714999999596,0.001540000000005648,7.093254999999601,250,350,0.9931798396999236,136.99609375
eqcpu,P3,ridge,ritz,presolve,20,12,100.0,3700,True,0.04767744988203049,0.06668012589216232,0.059778980910778046,1.3588463068008423,6.901275999998973,0.0015430000000264954,6.902818999998999,300,400,0.9921875446276868,140.91845703125
eqcpu,P3,ridge,ritz,presolve,20,13,100.0,3700,True,0.0766846090555191,0.10724858194589615,0.09227144718170166,1.9155727624893188,7.614270999997302,0.0015419999999721767,7.615812999997274,350,450,0.980097997903005,144.248046875
eqcpu,P3,ridge,ritz,presolve,20,14,100.0,3700,True,0.06415678560733795,0.08972758054733276,0.07769934087991714,1.6463068723678589,7.990940000004343,0.0019559999999501088,7.9928960000042935,300,450,0.9875705494478776,77.33251953125
main20,P4,cospair,pinn,lift3c,20,10,1000.0,4000,True,0.05835771560668945,0.05835787206888199,0.0645897388458252,0.6587409973144531,32.041793999997424,0.0,32.041793999997424,200,300,0.9925898583693569,12.1025390625
main20,P4,cospair,pinn,lift3c,20,11,1000.0,4000,True,0.06138173118233681,0.06138189509510994,0.06700928509235382,0.7669939994812012,29.739002999999116,0.0,29.739002999999116,250,350,0.9927919131542363,6.92236328125
main20,P4,cospair,pinn,lift3c,20,12,1000.0,4000,True,0.062158215790987015,0.06215837970376015,0.06814727932214737,0.8266816139221191,34.08303799999726,0.0,34.08303799999726,250,300,0.9942140640618277,25.6669921875
main20,P4,cospair,pinn,lift3c,20,13,1000.0,4000,True,0.0654144138097763,0.06541459262371063,0.07159490138292313,0.8259501457214355,34.100500999978976,0.0,34.100500999978976,250,300,0.9925441952337519,11.91015625
main20,P4,cospair,pinn,lift3c,20,14,1000.0,4000,True,0.058079179376363754,0.05807933583855629,0.0638888031244278,0.9272961616516113,32.7402410000077,0.0,32.7402410000077,200,300,0.9944569834661293,58.1611328125
main20,P4,cospair,pinn,plain,20,10,1000.0,4000,True,0.24703861773014069,0.24703927338123322,0.26739323139190674,3.514016628265381,31.207856000001186,0.0,31.207856000001186,300,450,0.9742298435091145,12.5419921875
main20,P4,cospair,pinn,plain,20,11,1000.0,4000,True,0.2351483553647995,0.23514898121356964,0.2540476322174072,2.7569918632507324,27.674213999997733,0.0,27.674213999997733,300,450,0.9829553584491404,9.6142578125
main20,P4,cospair,pinn,plain,20,12,1000.0,4000,True,0.24967709183692932,0.24967774748802185,0.27091893553733826,2.665297746658325,30.5585129999979,0.0,30.5585129999979,300,500,0.9732272719632358,28.5234375
main20,P4,cospair,pinn,plain,20,13,1000.0,4000,True,0.25646352767944336,0.2564642131328583,0.27323269844055176,3.017300605773926,30.841178000002174,0.0,30.841178000002174,300,450,0.96659559624035,13.7431640625
main20,P4,cospair,pinn,plain,20,14,1000.0,4000,True,0.24375002086162567,0.243750661611557,0.2602901756763458,2.191391944885254,29.66776599998684,0.0,29.66776599998684,350,450,0.9747452891948338,23.65771484375
main20,P4,cospair,pinn,presolve,20,10,1000.0,4000,True,0.24703861773014069,0.24703927338123322,0.26739323139190674,3.514016628265381,31.301037999999494,0.01513900000003332,31.316176999999527,300,450,0.9742298435091145,12.494140625
main20,P4,cospair,pinn,presolve,20,11,1000.0,4000,True,0.2351483553647995,0.23514898121356964,0.2540476322174072,2.7569918632507324,27.684516999999005,0.014069999999946958,27.698586999998952,300,450,0.9829553584491404,7.92529296875
main20,P4,cospair,pinn,presolve,20,12,1000.0,4000,True,0.24967709183692932,0.24967774748802185,0.27091893553733826,2.665297746658325,31.115840000001754,0.015536999999994805,31.13137700000175,300,500,0.9732272719632358,28.07666015625
main20,P4,cospair,pinn,presolve,20,13,1000.0,4000,True,0.25646352767944336,0.2564642131328583,0.27323269844055176,3.017300605773926,31.06868200001054,0.013672000000042317,31.082354000010582,300,450,0.96659559624035,11.75341796875
main20,P4,cospair,pinn,presolve,20,14,1000.0,4000,True,0.24375002086162567,0.243750661611557,0.2602901756763458,2.191391944885254,30.32087600000432,0.013308999999935622,30.334185000004254,350,450,0.9747452891948338,22.34423828125
main20,P4,cospair,ritz,lift3c,20,10,1.0,4000,True,0.07565203309059143,0.07565223425626755,0.07826834917068481,0.8805298805236816,10.10162699999887,0.0,10.10162699999887,250,350,0.9888203299532903,10.28955078125
main20,P4,cospair,ritz,lift3c,20,11,1.0,4000,True,0.07761900871992111,0.07761920988559723,0.07868900895118713,1.1099019050598145,9.652394999997455,0.0,9.652394999997455,250,350,0.9890818474228561,10.73046875
main20,P4,cospair,ritz,lift3c,20,12,1.0,4000,True,0.07297100871801376,0.07297120243310928,0.07292746752500534,1.3951001167297363,10.793531999995366,0.0,10.793531999995366,350,400,0.9902679277871465,25.1552734375
main20,P4,cospair,ritz,lift3c,20,13,1.0,4000,True,0.0707857683300972,0.07078596204519272,0.07356966286897659,1.1054635047912598,10.045572000001584,0.0,10.045572000001584,250,350,0.9882470757946009,10.49169921875
main20,P4,cospair,ritz,lift3c,20,14,1.0,4000,True,0.07073729485273361,0.07073748111724854,0.07266943156719208,0.9023871421813965,10.521032999993622,0.0,10.521032999993622,250,400,0.9929025200807933,33.375
main20,P4,cospair,ritz,lift3u,20,10,1.0,4000,True,0.13288122415542603,0.13288158178329468,0.13730496168136597,1.6849391460418701,10.25327099999646,0.0,10.25327099999646,700,1000,0.9826188549030923,10.60009765625
main20,P4,cospair,ritz,lift3u,20,11,1.0,4000,True,0.12916433811187744,0.1291646808385849,0.13154003024101257,1.315356731414795,9.68709499999909,0.0,9.68709499999909,800,950,0.9834756531684624,9.91015625
main20,P4,cospair,ritz,lift3u,20,12,1.0,4000,True,0.10471609234809875,0.10471637547016144,0.10865850746631622,1.3899390697479248,11.007211999993388,0.0,11.007211999993388,800,1000,0.9891288318081196,26.5400390625
main20,P4,cospair,ritz,lift3u,20,13,1.0,4000,True,0.1204918771982193,0.12049219757318497,0.12438736110925674,1.3499464988708496,10.722040999998171,0.0,10.722040999998171,700,1000,0.9872796631077357,11.36376953125
main20,P4,cospair,ritz,lift3u,20,14,1.0,4000,True,0.13141527771949768,0.13141563534736633,0.1352645456790924,1.4265012741088867,10.365139000007275,0.0,10.365139000007275,650,1050,0.9798150165915445,31.36962890625
main20,P4,cospair,ritz,plain,20,10,1.0,4000,True,0.21212878823280334,0.21212933957576752,0.2168859988451004,1.9404995441436768,8.024860000003002,0.0,8.024860000003002,300,450,0.8973521810820231,10.71923828125
main20,P4,cospair,ritz,plain,20,11,1.0,4000,True,0.1949423849582672,0.1949428915977478,0.2020302712917328,2.1905181407928467,8.323965999999018,0.0,8.323965999999018,250,400,0.9070422999710678,12.3486328125
main20,P4,cospair,ritz,plain,20,12,1.0,4000,True,0.21298646926879883,0.2129870355129242,0.21806876361370087,2.055833339691162,9.19963199999438,0.0,9.19963199999438,250,450,0.8952416169703005,23.15673828125
main20,P4,cospair,ritz,plain,20,13,1.0,4000,True,0.20840251445770264,0.2084030658006668,0.2127613127231598,1.72403085231781,8.9021080000025,0.0,8.9021080000025,300,450,0.8991576655179595,10.67041015625
main20,P4,cospair,ritz,plain,20,14,1.0,4000,True,0.19998900592327118,0.19998954236507416,0.20528313517570496,1.671262502670288,8.507750999970085,0.0,8.507750999970085,300,450,0.9005997803874307,33.337890625
main20,P4,cospair,ritz,presolve,20,10,1.0,4000,True,0.21212878823280334,0.21212933957576752,0.2168859988451004,1.9404995441436768,8.376069999995309,0.014184999999997672,8.390254999995307,300,450,0.8973521810820231,10.42138671875
main20,P4,cospair,ritz,presolve,20,11,1.0,4000,True,0.1949423849582672,0.1949428915977478,0.2020302712917328,2.1905181407928467,8.181647999999427,0.01350999999999658,8.195157999999424,250,400,0.9070422999710678,11.2119140625
main20,P4,cospair,ritz,presolve,20,12,1.0,4000,True,0.21298646926879883,0.2129870355129242,0.21806876361370087,2.055833339691162,9.655822000010403,0.01785399999994297,9.673676000010346,250,450,0.8952416169703005,22.92431640625
main20,P4,cospair,ritz,presolve,20,13,1.0,4000,True,0.20840251445770264,0.2084030658006668,0.2127613127231598,1.72403085231781,8.287767000002987,0.013186999999788895,8.300954000002776,300,450,0.8991576655179595,10.3203125
main20,P4,cospair,ritz,presolve,20,14,1.0,4000,True,0.19998900592327118,0.19998954236507416,0.20528313517570496,1.671262502670288,8.60512399996378,0.015777999999954773,8.620901999963735,300,450,0.9005997803874307,35.68798828125
main20,P4,cospair,ritz,rep3,20,10,1.0,4000,True,0.08475306630134583,0.08475328981876373,0.09269558638334274,0.7664005756378174,10.756694000000032,0.0,10.756694000000032,150,200,0.9815436511065665,85.8193359375
main20,P4,cospair,ritz,rep3,20,11,1.0,4000,True,0.0727766752243042,0.07277686148881912,0.07872633635997772,0.8101553916931152,10.9964379999995,0.0,10.9964379999995,150,200,0.9876042537764483,97.5
main20,P4,cospair,ritz,rep3,20,12,1.0,4000,True,0.08047477155923843,0.08047498762607574,0.08761611580848694,1.03468656539917,11.11779000000088,0.0,11.11779000000088,150,200,0.9833972780169382,109.57080078125
main20,P4,cospair,ritz,rep3,20,13,1.0,4000,True,0.07094432413578033,0.07094451040029526,0.07780694216489792,0.7962303161621094,10.86634000000032,0.0,10.86634000000032,150,200,0.9871987902132826,110.54638671875
main20,P4,cospair,ritz,rep3,20,14,1.0,4000,True,0.07962046563625336,0.07962068170309067,0.08590629696846008,0.9437060356140137,11.190337000001364,0.0,11.190337000001364,150,200,0.9821123785608517,117.74267578125
main20,P1,laplace,pinn,lift3c,20,10,1000.0,4000,True,0.017680443823337555,0.06559249758720398,0.020087700337171555,0.40585196018218994,33.44279099999973,0.0,33.44279099999973,600,1050,0.9333396387647009,16.94189453125
main20,P1,laplace,pinn,lift3c,20,11,1000.0,4000,True,0.015752408653497696,0.058439701795578,0.01806188002228737,0.4112635850906372,29.26696099999606,0.0,29.26696099999606,600,1050,0.9410953007212651,11.6357421875
main20,P1,laplace,pinn,lift3c,20,12,1000.0,4000,True,0.016108352690935135,0.059760212898254395,0.018216552212834358,0.4577738046646118,35.034885999986045,0.0,35.034885999986045,650,1000,0.9405741099590748,8.55908203125
main20,P1,laplace,pinn,lift3c,20,13,1000.0,4000,True,0.015555720776319504,0.057710010558366776,0.018040014430880547,0.3596607446670532,33.52394300001106,0.0,33.52394300001106,600,1050,0.9448859705921776,18.91259765625
main20,P1,laplace,pinn,lift3c,20,14,1000.0,4000,True,0.017573105171322823,0.06519428640604019,0.020150883123278618,0.4984065294265747,31.491393999997854,0.0,31.491393999997854,600,1100,0.9247394955258901,12.9501953125
main20,P1,laplace,pinn,plain,20,10,1000.0,4000,True,0.04652712121605873,0.17261049151420593,0.05086860433220863,0.9261131286621094,28.304767999999783,0.0,28.304767999999783,950,1700,0.7290571489277383,11.4990234375
main20,P1,laplace,pinn,plain,20,11,1000.0,4000,True,0.04612313583493233,0.17111176252365112,0.05116070806980133,0.6105198860168457,30.63884600000472,0.0,30.63884600000472,1050,1700,0.7088917709845176,12.34375
main20,P1,laplace,pinn,plain,20,12,1000.0,4000,True,0.0541861392557621,0.2010246068239212,0.05948058143258095,0.811582088470459,27.685517000001028,0.0,27.685517000001028,1200,1950,0.6311411507504082,6.93701171875
main20,P1,laplace,pinn,plain,20,13,1000.0,4000,True,0.04448537901043892,0.16503585875034332,0.04939228668808937,0.6891028881072998,31.784701000005043,0.0,31.784701000005043,800,1600,0.7494932193021846,21.19873046875
main20,P1,laplace,pinn,plain,20,14,1000.0,4000,True,0.04848170652985573,0.17986178398132324,0.05314826965332031,0.8381812572479248,32.05433999999332,0.0,32.05433999999332,900,1750,0.6974217398089435,11.7509765625
main20,P1,laplace,pinn,presolve,20,10,1000.0,4000,True,0.020048243924975395,0.07437677681446075,0.022284027189016342,0.37283992767333984,29.97257999999951,0.01459800000000655,29.987177999999517,400,650,0.9461952825244031,19.33935546875
main20,P1,laplace,pinn,presolve,20,11,1000.0,4000,True,0.012024390511214733,0.04460916295647621,0.013610522262752056,0.22604918479919434,29.187478999997552,0.015617999999903986,29.203096999997456,350,550,0.9763241264077168,12.94775390625
main20,P1,laplace,pinn,presolve,20,12,1000.0,4000,True,0.018982764333486557,0.07042396068572998,0.02112393081188202,0.4767780303955078,29.365518999995402,0.013774000000012165,29.379292999995414,400,650,0.9538602320226912,7.70556640625
main20,P1,laplace,pinn,presolve,20,13,1000.0,4000,True,0.025793500244617462,0.09569104760885239,0.028396446257829666,0.36885929107666016,31.116546999994853,0.016411999999945692,31.1329589999948,400,650,0.928165075206651,22.26416015625
main20,P1,laplace,pinn,presolve,20,14,1000.0,4000,True,0.01405327208340168,0.05213608965277672,0.015779362991452217,0.29065799713134766,29.238317000022107,0.014701000000059139,29.253018000022166,400,600,0.9663430581570293,11.55029296875
main20,P1,laplace,ritz,lift3c,20,10,100.0,4000,True,0.02302280254662037,0.08541206270456314,0.025527790188789368,0.4053680896759033,9.614722999999884,0.0,9.614722999999884,550,1000,0.9381900735088623,12.23828125
main20,P1,laplace,ritz,lift3c,20,11,100.0,4000,True,0.018427275121212006,0.06836316734552383,0.021013082936406136,0.41133785247802734,9.990288999999962,0.0,9.990288999999962,550,950,0.9705224144373341,12.18359375
main20,P1,laplace,ritz,lift3c,20,12,100.0,4000,True,0.02007697895169258,0.07448337972164154,0.02234223112463951,0.5693190097808838,9.54359800000384,0.0,9.54359800000384,650,1050,0.9602737694764524,6.76171875
main20,P1,laplace,ritz,lift3c,20,13,100.0,4000,True,0.02008804865181446,0.07452444732189178,0.02252788469195366,0.4090390205383301,10.587871999998697,0.0,10.587871999998697,550,1000,0.966059726407322,26.00341796875
main20,P1,laplace,ritz,lift3c,20,14,100.0,4000,True,0.02034064754843712,0.07546155899763107,0.022604042664170265,0.49890637397766113,10.96504199998435,0.0,10.96504199998435,600,1000,0.9613484941177141,11.82080078125
main20,P1,laplace,ritz,lift3u,20,10,100.0,4000,True,0.08953332901000977,0.33215877413749695,0.09572458267211914,1.3184905052185059,9.517223999999892,0.0,9.517223999999892,2000,,0.17486840398807074,12.34814453125
main20,P1,laplace,ritz,lift3u,20,11,100.0,4000,True,0.0915568470954895,0.33966583013534546,0.09808601438999176,1.2550309896469116,10.048510999995528,0.0,10.048510999995528,2150,,0.13798472132359815,12.78271484375
main20,P1,laplace,ritz,lift3u,20,12,100.0,4000,True,0.09442751854658127,0.3503156900405884,0.10121390968561172,1.2065982818603516,9.830945000007887,0.0,9.830945000007887,,,0.09410563397085653,7.08642578125
main20,P1,laplace,ritz,lift3u,20,13,100.0,4000,True,0.0930582731962204,0.3452359437942505,0.09937674552202225,1.2959177494049072,10.698185000000649,0.0,10.698185000000649,2000,,0.13977992899210526,24.97119140625
main20,P1,laplace,ritz,lift3u,20,14,100.0,4000,True,0.09052733331918716,0.3358464241027832,0.0972658172249794,1.2917309999465942,11.166134999988572,0.0,11.166134999988572,1950,,0.15188220610720038,11.1650390625
main20,P1,laplace,ritz,plain,20,10,100.0,4000,True,0.04796603322029114,0.1779487133026123,0.05070051923394203,1.0242018699645996,7.738603999999985,0.0,7.738603999999985,950,1600,0.7643226795014244,12.638671875
main20,P1,laplace,ritz,plain,20,11,100.0,4000,True,0.04566550999879837,0.16941401362419128,0.04751020297408104,0.6792299747467041,8.082380000004832,0.0,8.082380000004832,1000,1550,0.7870752939700031,12.33447265625
main20,P1,laplace,ritz,plain,20,12,100.0,4000,True,0.05336938053369522,0.19799451529979706,0.056002210825681686,0.8088531494140625,7.608438999996679,0.0,7.608438999996679,1150,1800,0.7112123097252572,7.02685546875
main20,P1,laplace,ritz,plain,20,13,100.0,4000,True,0.04333050549030304,0.16075138747692108,0.04605121165513992,0.6556620597839355,8.701560999998946,0.0,8.701560999998946,850,1450,0.8022492857475281,25.98046875
main20,P1,laplace,ritz,plain,20,14,100.0,4000,True,0.047354672104120255,0.17568062245845795,0.05098336935043335,0.8865926265716553,8.172244000001228,0.0,8.172244000001228,900,1700,0.7401214846498506,11.5166015625
main20,P1,laplace,ritz,presolve,20,10,100.0,4000,True,0.02332266792654991,0.08652453124523163,0.024476308375597,0.3634915351867676,7.937898000000013,0.013396000000000186,7.951294000000013,400,650,0.9534534508609914,12.26708984375
main20,P1,laplace,ritz,presolve,20,11,100.0,4000,True,0.013582891784608364,0.05039103329181671,0.014751013368368149,0.2743723392486572,8.208681999999385,0.014870000000087202,8.223551999999472,350,550,0.9911106888291932,12.35009765625
main20,P1,laplace,ritz,presolve,20,12,100.0,4000,True,0.019992318004369736,0.07416930049657822,0.021738721057772636,0.5120813846588135,7.773931000007906,0.013296000000082131,7.787227000007988,400,650,0.9638955484229347,7.1845703125
main20,P1,laplace,ritz,presolve,20,13,100.0,4000,True,0.025898171588778496,0.09607936441898346,0.028495000675320625,0.3812286853790283,8.766486999993504,0.014519999999947686,8.781006999993451,400,650,0.9375757841367242,28.05224609375
main20,P1,laplace,ritz,presolve,20,14,100.0,4000,True,0.013908270746469498,0.05159815400838852,0.015504571609199047,0.2765822410583496,8.300182000001314,0.014118000000053144,8.314300000001367,400,600,0.9847102638668213,11.123046875
main20,P1,laplace,ritz,rep3,20,10,100.0,4000,True,0.054435670375823975,0.201950341463089,0.050735414028167725,0.7997956275939941,10.637481999999993,0.0,10.637481999999993,300,700,0.8410916591211647,86.8955078125
main20,P1,laplace,ritz,rep3,20,11,100.0,4000,True,0.05662707984447479,0.21008022129535675,0.05264284089207649,0.8551850318908691,10.608145999999962,0.0,10.608145999999962,350,700,0.8141970784790534,89.60986328125
main20,P1,laplace,ritz,rep3,20,12,100.0,4000,True,0.05398706719279289,0.20028607547283173,0.05049629509449005,0.8674004077911377,10.440898999999803,0.0,10.440898999999803,350,700,0.8334870023886498,98.3134765625
main20,P1,laplace,ritz,rep3,20,13,100.0,4000,True,0.052219752222299576,0.19372953474521637,0.04908350482583046,0.7807445526123047,10.47506399999935,0.0,10.47506399999935,300,700,0.8492296789326037,109.95361328125
main20,P1,laplace,ritz,rep3,20,14,100.0,4000,True,0.053799767047166824,0.19959121942520142,0.0498623326420784,0.8714874982833862,9.762929000000526,0.0,9.762929000000526,300,650,0.8378526304030207,113.1396484375
main20,P2,poisson,pinn,lift3c,20,10,1000.0,4000,True,0.009927850216627121,0.009927880018949509,0.011528819799423218,0.162980318069458,34.26538400000004,0.0,34.26538400000004,50,150,0.9834944260526152,14.2080078125
main20,P2,poisson,pinn,lift3c,20,11,1000.0,4000,True,0.01420561596751213,0.014205657877027988,0.015647636726498604,0.1691133975982666,29.760959000002003,0.0,29.760959000002003,50,150,0.9827296205949266,13.1083984375
main20,P2,poisson,pinn,lift3c,20,12,1000.0,4000,True,0.01004952471703291,0.010049554519355297,0.011486034840345383,0.12226414680480957,33.88659999999663,0.0,33.88659999999663,50,150,0.9820683349402701,11.58984375
main20,P2,poisson,pinn,lift3c,20,13,1000.0,4000,True,0.009759712964296341,0.009759742766618729,0.011106617748737335,0.13724470138549805,34.52568600000109,0.0,34.52568600000109,50,150,0.9798777998319431,17.44140625
main20,P2,poisson,pinn,lift3c,20,14,1000.0,4000,True,0.009793289005756378,0.009793317876756191,0.011480792425572872,0.11594915390014648,32.31318299998429,0.0,32.31318299998429,50,150,0.9874476677344196,32.2060546875
main20,P2,poisson,pinn,plain,20,10,1000.0,4000,True,0.14062677323818207,0.1406271904706955,0.15349100530147552,0.6479146480560303,31.2393419999986,0.0,31.2393419999986,1600,,0.1640545211728481,18.6806640625
main20,P2,poisson,pinn,plain,20,11,1000.0,4000,True,0.14696447551250458,0.1469649225473404,0.16034254431724548,0.720346212387085,27.600261000000728,0.0,27.600261000000728,1900,,0.11529222047703722,15.69873046875
main20,P2,poisson,pinn,plain,20,12,1000.0,4000,True,0.1466735452413559,0.14667397737503052,0.16039760410785675,0.751554012298584,27.929179999997586,0.0,27.929179999997586,2000,,0.11849333901552868,9.0625
main20,P2,poisson,pinn,plain,20,13,1000.0,4000,True,0.14688682556152344,0.14688725769519806,0.16056810319423676,0.6951615810394287,30.360928999999032,0.0,30.360928999999032,1800,,0.12244066377007458,22.8740234375
main20,P2,poisson,pinn,plain,20,14,1000.0,4000,True,0.14357523620128632,0.14357566833496094,0.15558284521102905,0.6325244903564453,29.883509999999205,0.0,29.883509999999205,1750,,0.12493946940498006,12.7568359375
main20,P2,poisson,pinn,presolve,20,10,1000.0,4000,True,0.14938963949680328,0.1493900716304779,0.16451843082904816,0.9692504405975342,32.494307999999734,0.03584599999999227,32.530153999999726,1350,,0.1989840912243187,15.8525390625
main20,P2,poisson,pinn,presolve,20,11,1000.0,4000,True,0.14972449839115143,0.14972494542598724,0.1645839363336563,0.9213571548461914,30.78486399999747,0.02765399999998408,30.812517999997453,1400,,0.19358266995881235,15.92724609375
main20,P2,poisson,pinn,presolve,20,12,1000.0,4000,True,0.1531987339258194,0.1531991958618164,0.16851021349430084,1.0722826719284058,29.97429499999089,0.026035000000092623,30.00032999999098,1750,,0.14405544877791837,9.87841796875
main20,P2,poisson,pinn,presolve,20,13,1000.0,4000,True,0.16165703535079956,0.16165751218795776,0.17732569575309753,1.2266918420791626,32.60532000000558,0.029581000000007407,32.634901000005584,,,0.08962425397666324,21.8564453125
main20,P2,poisson,pinn,presolve,20,14,1000.0,4000,True,0.1543867141008377,0.15438717603683472,0.1699649691581726,1.147634744644165,29.826109000000997,0.027982000000065455,29.854091000001063,1500,,0.14410049010440984,25.4453125
main20,P2,poisson,ritz,lift3c,20,10,1.0,4000,True,0.01947968453168869,0.019479744136333466,0.02081669121980667,0.2558145523071289,9.83117099999913,0.0,9.83117099999913,50,50,0.9705815887998772,19.78662109375
main20,P2,poisson,ritz,lift3c,20,11,1.0,4000,True,0.0192081518471241,0.019208209589123726,0.02053307369351387,0.24849891662597656,9.632461999998554,0.0,9.632461999998554,50,50,0.9672743408320095,17.0244140625
main20,P2,poisson,ritz,lift3c,20,12,1.0,4000,True,0.019322866573929787,0.019322924315929413,0.020720021799206734,0.24709415435791016,9.59178500000803,0.0,9.59178500000803,50,50,0.9683953944288197,8.326171875
main20,P2,poisson,ritz,lift3c,20,13,1.0,4000,True,0.01907881535589695,0.019078871235251427,0.020470639690756798,0.25067973136901855,10.717745000002196,0.0,10.717745000002196,50,50,0.9695227877244469,21.15234375
main20,P2,poisson,ritz,lift3c,20,14,1.0,4000,True,0.018830185756087303,0.01883024163544178,0.020080745220184326,0.2440166473388672,10.09215900000845,0.0,10.09215900000845,50,50,0.9706204482405687,12.4970703125
main20,P2,poisson,ritz,lift3u,20,10,1.0,4000,True,0.018281128257513046,0.018281182274222374,0.019426483660936356,0.20459294319152832,10.330052000000023,0.0,10.330052000000023,50,50,0.9838381857229613,18.8642578125
main20,P2,poisson,ritz,lift3u,20,11,1.0,4000,True,0.01906885951757431,0.019068917259573936,0.020306000486016273,0.17492914199829102,9.69164900000294,0.0,9.69164900000294,50,50,0.9765590527325644,16.24462890625
main20,P2,poisson,ritz,lift3u,20,12,1.0,4000,True,0.01912585273385048,0.019125910475850105,0.02073969691991806,0.17065763473510742,9.431305999997221,0.0,9.431305999997221,50,50,0.9784135079793014,8.12158203125
main20,P2,poisson,ritz,lift3u,20,13,1.0,4000,True,0.01836428977549076,0.018364345654845238,0.019538309425115585,0.1495804786682129,10.726681999994526,0.0,10.726681999994526,50,50,0.9873275643532313,20.50732421875
main20,P2,poisson,ritz,lift3u,20,14,1.0,4000,True,0.01877697743475437,0.018777035176753998,0.019586002454161644,0.15307879447937012,10.156235999989804,0.0,10.156235999989804,50,50,0.9832581513062876,12.29833984375
main20,P2,poisson,ritz,plain,20,10,1.0,4000,True,0.12633830308914185,0.1263386756181717,0.13273271918296814,0.3566185235977173,8.049028000001186,0.0,8.049028000001186,,,0.015493946910730727,20.7900390625
main20,P2,poisson,ritz,plain,20,11,1.0,4000,True,0.12665432691574097,0.126654714345932,0.13282303512096405,0.3658158779144287,7.742268000000536,0.0,7.742268000000536,,,0.012443593081777404,10.9833984375
main20,P2,poisson,ritz,plain,20,12,1.0,4000,True,0.12596562504768372,0.12596599757671356,0.1323159635066986,0.3711116313934326,8.25878900000248,0.0,8.25878900000248,,,0.00975739272995697,8.59423828125
main20,P2,poisson,ritz,plain,20,13,1.0,4000,True,0.12680834531784058,0.12680871784687042,0.13282179832458496,0.3566868305206299,8.46226300000967,0.0,8.46226300000967,,,0.01489819937646039,16.77978515625
main20,P2,poisson,ritz,plain,20,14,1.0,4000,True,0.12605199217796326,0.1260523647069931,0.13241051137447357,0.3730757236480713,8.22048500002711,0.0,8.22048500002711,,,0.014251486230375308,12.9541015625
main20,P2,poisson,ritz,presolve,20,10,1.0,4000,True,0.1265934705734253,0.12659385800361633,0.13095474243164062,0.34907951951026917,8.2594730000001,0.02991300000002184,8.289386000000121,,,2.7512579567822266e-05,21.66748046875
main20,P2,poisson,ritz,presolve,20,11,1.0,4000,True,0.12659791111946106,0.1265982836484909,0.13095881044864655,0.34862056374549866,7.980284000002712,0.02787599999999202,8.008160000002704,,,1.4576627956761138e-05,14.06982421875
main20,P2,poisson,ritz,presolve,20,12,1.0,4000,True,0.12640371918678284,0.12640409171581268,0.13088589906692505,0.35014766454696655,7.8842319999973824,0.026076000000102795,7.910307999997485,,,-9.683359359420035e-05,8.49609375
main20,P2,poisson,ritz,presolve,20,13,1.0,4000,True,0.12651942670345306,0.1265198141336441,0.13093844056129456,0.3514645993709564,8.800027000003638,0.030981999999994514,8.831009000003633,,,5.2083926570678855e-05,16.39697265625
main20,P2,poisson,ritz,presolve,20,14,1.0,4000,True,0.12651361525058746,0.1265139877796173,0.13092195987701416,0.3492944836616516,8.268194000000221,0.027291999999761174,8.295485999999983,,,1.4286862205031341e-05,12.4931640625
main20,P2,poisson,ritz,rep3,20,10,1.0,4000,True,0.0155107406899333,0.01551078725606203,0.015264023095369339,0.12105131149291992,10.64267000000007,0.0,10.64267000000007,600,850,1.0335867386410533,86.79931640625
main20,P2,poisson,ritz,rep3,20,11,1.0,4000,True,0.01564130187034607,0.0156413484364748,0.015846429392695427,0.12480664253234863,11.115101000000259,0.0,11.115101000000259,500,800,1.0388551821753178,91.2802734375
main20,P2,poisson,ritz,rep3,20,12,1.0,4000,True,0.015531769953668118,0.015531816519796848,0.015453383326530457,0.1544055938720703,11.05374699999959,0.0,11.05374699999959,600,850,1.0339077518114508,103.4599609375
main20,P2,poisson,ritz,rep3,20,13,1.0,4000,True,0.01617412082850933,0.01617416925728321,0.01588214747607708,0.11156082153320312,10.757723000000794,0.0,10.757723000000794,650,850,1.0358318129804673,112.09033203125
main20,P2,poisson,ritz,rep3,20,14,1.0,4000,True,0.016205746680498123,0.016205795109272003,0.016601314768195152,0.12695574760437012,10.383667999999915,0.0,10.383667999999915,600,950,1.0345621574554833,117.33935546875
main20,P3,ridge,pinn,lift3c,20,10,1000.0,4000,True,0.01397628802806139,0.01954677887260914,0.020825115963816643,0.6811895370483398,30.595186999999157,0.0,30.595186999999157,100,150,0.9987955829474031,11.3876953125
main20,P3,ridge,pinn,lift3c,20,11,1000.0,4000,True,0.013379835523664951,0.01871260069310665,0.01942356862127781,0.6934546828269958,30.178229999999417,0.0,30.178229999999417,100,150,0.9990244414434617,12.181640625
main20,P3,ridge,pinn,lift3c,20,12,1000.0,4000,True,0.015656638890504837,0.021896863356232643,0.023034561425447464,0.7360100746154785,32.364913999997725,0.0,32.364913999997725,100,150,0.9987515441301531,23.27294921875
main20,P3,ridge,pinn,lift3c,20,13,1000.0,4000,True,0.015433796681463718,0.02158520370721817,0.02369941957294941,0.6777006387710571,34.98065699999097,0.0,34.98065699999097,100,150,0.9990368614248226,11.0693359375
main20,P3,ridge,pinn,lift3c,20,14,1000.0,4000,True,0.014809636399149895,0.020712273195385933,0.02290898747742176,0.6658790111541748,31.172796999980164,0.0,31.172796999980164,100,150,0.9990669093766302,32.67138671875
main20,P3,ridge,pinn,plain,20,10,1000.0,4000,True,0.025510624051094055,0.03567832335829735,0.03500247374176979,0.8727067708969116,27.323306000000343,0.0,27.323306000000343,300,350,1.0017833895023518,12.14453125
main20,P3,ridge,pinn,plain,20,11,1000.0,4000,True,0.023903729394078255,0.033430974930524826,0.03298342972993851,0.8396592140197754,28.158429000001888,0.0,28.158429000001888,350,400,1.000952664965958,11.1337890625
main20,P3,ridge,pinn,plain,20,12,1000.0,4000,True,0.025674067437648773,0.03590691089630127,0.0356023795902729,0.9125949144363403,31.631536000004644,0.0,31.631536000004644,400,400,1.0013682533046144,28.99755859375
main20,P3,ridge,pinn,plain,20,13,1000.0,4000,True,0.02233469858765602,0.03123657964169979,0.030791891738772392,0.7990319728851318,35.2881740000098,0.0,35.2881740000098,250,300,1.0013264217310447,12.03564453125
main20,P3,ridge,pinn,plain,20,14,1000.0,4000,True,0.026152200996875763,0.03657561168074608,0.035686787217855453,0.8781136274337769,29.17292899999211,0.0,29.17292899999211,400,400,1.0000843584994723,35.08251953125
main20,P3,ridge,pinn,presolve,20,10,1000.0,4000,True,0.04038272053003311,0.056477949023246765,0.049912020564079285,1.098430871963501,27.701685000001532,0.001625000000046839,27.70331000000158,200,350,0.9992375124417712,11.21142578125
main20,P3,ridge,pinn,presolve,20,11,1000.0,4000,True,0.024446766823530197,0.034190449863672256,0.032922886312007904,0.8034877777099609,28.22988800000155,0.001652000000035514,28.231540000001587,200,250,1.0011218323749451,13.45361328125
main20,P3,ridge,pinn,presolve,20,12,1000.0,4000,True,0.032304100692272186,0.04517946019768715,0.041536178439855576,0.9350076913833618,30.116801000002397,0.001495999999860942,30.118297000002258,300,350,1.0013969494807176,24.0615234375
main20,P3,ridge,pinn,presolve,20,13,1000.0,4000,True,0.027240583673119545,0.03809778764843941,0.03703099116683006,0.89931321144104,34.82368599999495,0.0020090000000436703,34.825694999994994,250,300,1.0019006703401574,11.3876953125
main20,P3,ridge,pinn,presolve,20,14,1000.0,4000,True,0.03474348038434982,0.048591092228889465,0.04618430137634277,1.0821601152420044,29.091978000007657,0.0015239999997902487,29.093502000007447,250,350,0.9995479078542923,31.8173828125
main20,P3,ridge,ritz,lift3c,20,10,100.0,4000,True,0.015431191772222519,0.021581560373306274,0.021109815686941147,0.765166163444519,9.831357000003209,0.0,9.831357000003209,150,150,0.9992746928974064,16.2333984375
main20,P3,ridge,ritz,lift3c,20,11,100.0,4000,True,0.014492529444396496,0.020268777385354042,0.021502096205949783,0.7010541558265686,9.64059299999883,0.0,9.64059299999883,150,150,0.9999390301553143,12.75341796875
main20,P3,ridge,ritz,lift3c,20,12,100.0,4000,True,0.01556306891143322,0.021765997633337975,0.024012845009565353,0.6636737585067749,10.838727000003928,0.0,10.838727000003928,150,150,0.9989581829627063,33.36328125
main20,P3,ridge,ritz,lift3c,20,13,100.0,4000,True,0.016156496480107307,0.022595947608351707,0.02475304901599884,0.6909271478652954,11.148292000002812,0.0,11.148292000002812,150,150,1.000075785579779,15.5078125
main20,P3,ridge,ritz,lift3c,20,14,100.0,4000,True,0.01665470004081726,0.023292718455195427,0.02453269623219967,0.7642589211463928,10.289013000007799,0.0,10.289013000007799,150,150,0.9994102108299686,31.56494140625
main20,P3,ridge,ritz,lift3u,20,10,100.0,4000,True,0.03034975193440914,0.04244617000222206,0.04269004613161087,1.158319115638733,9.419692000001646,0.0,9.419692000001646,500,550,0.9964469173757012,15.02783203125
main20,P3,ridge,ritz,lift3u,20,11,100.0,4000,True,0.032180868089199066,0.04500711336731911,0.04549269750714302,1.2311691045761108,9.509930000003465,0.0,9.509930000003465,450,500,0.9962576387740407,12.08935546875
main20,P3,ridge,ritz,lift3u,20,12,100.0,4000,True,0.03585473820567131,0.050145264714956284,0.04857239872217178,1.250638723373413,10.75850599999444,0.0,10.75850599999444,500,550,0.9951168385539365,31.63525390625
main20,P3,ridge,ritz,lift3u,20,13,100.0,4000,True,0.02719692699611187,0.03803673014044762,0.03881808742880821,1.0527273416519165,11.770989999992025,0.0,11.770989999992025,500,550,0.9973214869023442,14.7275390625
main20,P3,ridge,ritz,lift3u,20,14,100.0,4000,True,0.028450315818190575,0.039789680391550064,0.04025024548172951,1.0746560096740723,10.235157999979947,0.0,10.235157999979947,450,500,0.9969186223179501,31.21484375
main20,P3,ridge,ritz,plain,20,10,100.0,4000,True,0.04247714579105377,0.05940714478492737,0.05469793081283569,1.350934386253357,8.293858000002786,0.0,8.293858000002786,350,400,0.9946830010897209,16.89453125
main20,P3,ridge,ritz,plain,20,11,100.0,4000,True,0.03752113878726959,0.05247583985328674,0.049766961485147476,1.2712695598602295,7.972377000000051,0.0,7.972377000000051,450,500,0.995220412731115,14.10693359375
main20,P3,ridge,ritz,plain,20,12,100.0,4000,True,0.034763459116220474,0.04861903563141823,0.04677088186144829,1.2338430881500244,8.693832999998449,0.0,8.693832999998449,450,450,0.995853373879911,14.26513671875
main20,P3,ridge,ritz,plain,20,13,100.0,4000,True,0.03421743959188461,0.04785539209842682,0.04481833055615425,1.1125261783599854,9.286482999990312,0.0,9.286482999990312,300,350,0.9963762198526737,17.13916015625
main20,P3,ridge,ritz,plain,20,14,100.0,4000,True,0.03785526007413864,0.05294312909245491,0.04892870411276817,1.1714096069335938,8.058194999998705,0.0,8.058194999998705,400,450,0.9951957104669829,32.26953125
main20,P3,ridge,ritz,presolve,20,10,100.0,4000,True,0.2952868342399597,0.41297852993011475,0.3186178505420685,5.322507858276367,9.132901000002505,0.0017740000000117107,9.134675000002517,250,400,0.8030948504407177,17.1923828125
main20,P3,ridge,ritz,presolve,20,11,100.0,4000,True,0.043195828795433044,0.060412272810935974,0.05591757223010063,1.379888653755188,7.730426000000875,0.0016460000000506625,7.732072000000926,250,350,0.9940840880805767,13.52294921875
main20,P3,ridge,ritz,presolve,20,12,100.0,4000,True,0.043546900153160095,0.06090326979756355,0.05456870049238205,1.2454931735992432,8.969421999998985,0.0017210000000886794,8.971142999999074,300,400,0.9931447412954012,23.3076171875
main20,P3,ridge,ritz,presolve,20,13,100.0,4000,True,0.07313453406095505,0.10228356719017029,0.08813503384590149,1.8488181829452515,9.08173300000135,0.002103999999917505,9.083837000001267,350,450,0.9813502674709897,16.7275390625
main20,P3,ridge,ritz,presolve,20,14,100.0,4000,True,0.05701034516096115,0.07973280549049377,0.07059881091117859,1.558430790901184,8.373642999983986,0.0015570000000479922,8.375199999984034,300,450,0.9896331411420708,31.66064453125
main20,P3,ridge,ritz,rep3,20,10,100.0,4000,True,0.013253015466034412,0.018535234034061432,0.019470935687422752,0.7556710839271545,10.590429000000121,0.0,10.590429000000121,100,100,0.9994978684053145,84.7724609375
main20,P3,ridge,ritz,rep3,20,11,100.0,4000,True,0.015834130346775055,0.022145096212625504,0.02216862142086029,0.8449685573577881,10.69598400000109,0.0,10.69598400000109,50,100,0.9994757620574806,93.84716796875
main20,P3,ridge,ritz,rep3,20,12,100.0,4000,True,0.015141628682613373,0.02117658592760563,0.021485043689608574,0.8270624876022339,10.978342999999839,0.0,10.978342999999839,100,100,0.9992882794193509,105.37451171875
main20,P3,ridge,ritz,rep3,20,13,100.0,4000,True,0.0166181493550539,0.023241598159074783,0.024875488132238388,0.8069388270378113,10.617723000001178,0.0,10.617723000001178,100,100,0.999134638092982,111.8154296875
main20,P3,ridge,ritz,rep3,20,14,100.0,4000,True,0.014002022333443165,0.01958277076482773,0.022191012278199196,0.7113192081451416,10.847314999999071,0.0,10.847314999999071,100,100,0.9994622127318844,118.4111328125
stall,P2,poisson,ritz,plain,20,10,1.0,12000,False,0.04764128476381302,0.04764142632484436,0.04940152168273926,0.13029217720031738,29.254403999999905,0.0,29.254403999999905,4500,8450,0.901527609136667,89.9873046875
stall,P2,poisson,ritz,plain,20,11,1.0,12000,False,0.06450997292995453,0.06451016664505005,0.06290711462497711,0.1658097505569458,28.509471000000026,0.0,28.509471000000026,6750,8750,0.9289558603415147,91.205078125
stall,P2,poisson,ritz,plain,20,12,1.0,12000,False,0.059379320591688156,0.05937949940562248,0.05972427874803543,0.15602588653564453,28.77523299999865,0.0,28.77523299999865,6550,8500,0.8411774059464491,85.22021484375
stall,P2,poisson,ritz,presolve,20,10,1.0,12000,False,0.12399940192699432,0.12399977445602417,0.12772919237613678,0.3541266918182373,30.017484000000167,0.03282199999999591,30.050306000000162,,,0.05409227486269029,92.685546875
stall,P2,poisson,ritz,presolve,20,11,1.0,12000,False,0.12654243409633636,0.1265428215265274,0.1309966892004013,0.35096246004104614,29.475929999999295,0.032748999999995476,29.50867899999929,,,-5.827815240521012e-07,86.4462890625
stall,P2,poisson,ritz,presolve,20,12,1.0,12000,False,0.12656867504119873,0.12656904757022858,0.1310124546289444,0.3501283824443817,30.053901999998914,0.032361000000008744,30.086262999998922,,,-4.582143272075866e-07,86.9130859375
