problem,d,method,arm,budget,iters,n_seeds,rel_l2_mean,rel_l2_sd,rel_l2_min,rel_l2_max,rel_l2_centered_mean,cpu_total_s_mean,rho_median,rho_min,rho_max,wins
P1,20,ritz,plain,4000,4000,5,0.047537220269441606,0.0037226014525352925,0.04333050549030304,0.05336938053369522,0.17635785043239594,8.060645600000335,,,,
P1,20,ritz,presolve,4000,4000,5,0.019340864010155202,0.005521429867676418,0.013582891784608364,0.025898171588778496,0.07175247669219971,8.211476000000458,2.6694943788924443,1.673110603262736,3.4047850352741267,5/5
P1,20,ritz,lift3c,4000,4000,5,0.020391150563955306,0.0016564664227012554,0.018427275121212006,0.02302280254662037,0.07564892321825027,10.140304799997347,2.328080853441599,2.083414177016964,2.6582376094584657,5/5
P1,20,ritz,lift3c,eqcpu,3250,5,0.025498257577419282,0.0022213323499801455,0.022534050047397614,0.028779804706573486,0.0945957288146019,7.843138799998804,1.8463816553951986,1.6666559662003335,2.125844969137096,5/5
P1,20,ritz,lift3u,4000,4000,5,0.09182066023349762,0.0019558611987434537,0.08953332901000977,0.09442751854658127,0.3406445324420929,10.252199999998506,0.5230980563312748,0.4656276546088213,0.5651888491316015,0/5
P1,20,ritz,rep3,4000,4000,5,0.05421386733651161,0.0015868367622721387,0.052219752222299576,0.05662707984447479,0.20112747848033904,10.384903999999926,0.8802021775039269,0.8064253025975882,0.9885586179947161,0/5
P1,20,pinn,plain,4000,4000,5,0.04796069636940956,0.003759560742369425,0.04448537901043892,0.0541861392557621,0.17792890071868897,30.093634400000777,,,,
P1,20,pinn,presolve,4000,4000,5,0.018180434219539167,0.0054088252524563465,0.012024390511214733,0.025793500244617462,0.06744740754365922,29.79110900000187,2.854491490481974,1.7246739910657158,3.8357982295996518,5/5
P1,20,pinn,lift3c,4000,4000,5,0.016534006223082542,0.0010177381663609983,0.015555720776319504,0.017680443823337555,0.061339341849088666,32.55199499999815,2.8597439906583486,2.631558442817176,3.363853542035678,5/5
P1,20,pinn,lift3c,eqcpu,3650,5,0.01865517683327198,0.0012954705179234539,0.017486494034528732,0.020231259986758232,0.06920864880084991,27.81622639999863,2.5439850276789815,2.340920181264154,3.010733442781449,5/5
P2,20,ritz,plain,4000,4000,5,0.12636371850967407,0.00036689368289030705,0.12596562504768372,0.12680834531784058,0.12636409401893617,8.146566600008196,,,,
P2,20,ritz,presolve,4000,4000,5,0.12652562856674193,7.885427238537981e-05,0.12640371918678284,0.12659791111946106,0.12652600705623626,8.266869800000785,0.9979843550925049,0.9963511984721181,1.0022835909228762,2/5
P2,20,ritz,lift3c,4000,4000,5,0.019183940812945367,0.0002467513375797203,0.018830185756087303,0.01947968453168869,0.01918399818241596,9.973064400003272,6.593779970284024,6.485644204536284,6.694144912363064,5/5
P2,20,ritz,lift3c,eqcpu,3350,5,0.02032139077782631,0.0001630652934647694,0.020132187753915787,0.020540578290820122,0.020321451127529144,8.497943000001488,6.224655070359074,6.150669241167579,6.279894263401169,5/5
P2,20,ritz,lift3u,4000,4000,5,0.018723421543836594,0.0003901107112122457,0.018281128257513046,0.01912585273385048,0.01872347816824913,10.067184999996902,6.713114110935298,6.586144252001877,6.910859182732348,5/5
P2,20,ritz,rep3,4000,4000,5,0.015812736004590988,0.00034806218430266477,0.0155107406899333,0.016205746680498123,0.01581278331577778,10.790581800000126,8.0974287156916,7.778227974503223,8.145214056162855,5/5
P2,20,pinn,plain,4000,4000,5,0.14494537115097045,0.0028000076361675993,0.14062677323818207,0.14696447551250458,0.14494580328464507,29.40264439999903,,,,
P2,20,pinn,presolve,4000,4000,5,0.15367132425308228,0.004960266240950606,0.14938963949680328,0.16165703535079956,0.1536717802286148,31.166398799998962,0.9413422089501144,0.9086324343557061,0.9815659901465399,0/5
P2,20,pinn,lift3c,4000,4000,5,0.010747198574244976,0.0019367371209672954,0.009759712964296341,0.01420561596751213,0.010747230611741543,32.95036239999681,14.595072838893499,10.34551939518909,15.050322289074998,5/5
P2,20,pinn,lift3c,eqcpu,3550,5,0.011758950352668763,0.0021057291607733336,0.010497097857296467,0.015429338440299034,0.011758985370397568,27.705961599998517,13.333330507667885,9.52500174140041,13.993089095518275,5/5
P3,20,ritz,plain,4000,4000,5,0.03736688867211342,0.003281535559287501,0.03421743959188461,0.04247714579105377,0.052260108292102814,8.46094919999806,,,,
P3,20,ritz,presolve,4000,4000,5,0.10243488848209381,0.10850211317034457,0.043195828795433044,0.2952868342399597,0.14326208904385568,8.659385399997564,0.6640068564268351,0.1438504561179841,0.8686287503583351,0/5
P3,20,ritz,presolve,eqcpu,3700,5,0.10687554404139518,0.10802054816945494,0.04701930657029152,0.2988395690917969,0.1494726374745369,7.591489599999946,0.5900429660835274,0.14214029929217886,0.7979943032800231,0/5
P3,20,ritz,lift3c,4000,4000,5,0.015659597329795362,0.0008155783920744383,0.014492529444396496,0.01665470004081726,0.021901000291109085,10.349596400003316,2.2729475752408117,2.1178749758039963,2.7526808310111415,5/5
P3,20,ritz,lift3c,eqcpu,3200,5,0.01890627630054951,0.0009618583401147052,0.0175264161080122,0.019841386005282402,0.026441698521375658,7.826250400000893,1.9078939376543744,1.728172545305344,2.2606733878630463,5/5
P3,20,ritz,lift3u,4000,4000,5,0.030806520208716392,0.0033971619253501204,0.02719692699611187,0.03585473820567131,0.04308499172329903,10.338855199994304,1.2581362444652813,0.9695638807013176,1.3995879071055983,4/5
P3,20,ritz,rep3,4000,4000,5,0.014969789236783982,0.0013580860050271067,0.013253015466034412,0.0166181493550539,0.020936257019639016,10.74595880000026,2.369636851885051,2.0590403215673607,3.2050929013036042,5/5
P3,20,pinn,plain,4000,4000,5,0.024715064093470573,0.0015765761538185919,0.02233469858765602,0.026152200996875763,0.03456568010151386,30.314874800001757,,,,
P3,20,pinn,presolve,4000,4000,5,0.031823530420660974,0.006273691755328978,0.024446766823530197,0.04038272053003311,0.044507347792387006,29.994468800001574,0.7947618688481412,0.6317212836644203,0.9777869428144884,0/5
P3,20,pinn,lift3c,4000,4000,5,0.014651239104568958,0.000964409251155873,0.013379835523664951,0.015656638890504837,0.020490743964910508,31.858356999993486,1.765890822166097,1.447129248144134,1.8252789295608527,5/5
P3,20,pinn,lift3c,eqcpu,3750,5,0.015383405238389969,0.0010244384435401906,0.014001023955643177,0.01642591319978237,0.02151472754776478,28.823532599999247,1.6616989754773062,1.3864939164520298,1.7421602760863497,5/5
P4,20,ritz,plain,4000,4000,5,0.20568983256816864,0.007906749565856207,0.1949423849582672,0.21298646926879883,0.2056903749704361,8.591663399993797,,,,
P4,20,ritz,presolve,4000,4000,5,0.20568983256816864,0.007906749565856207,0.1949423849582672,0.21298646926879883,0.2056903749704361,8.636188999994317,1.0,1.0,1.0,0/5
P4,20,ritz,lift3c,4000,4000,5,0.07355302274227142,0.003035739089037863,0.07073729485273361,0.07761900871992111,0.07355321794748307,10.22283179999738,2.827207434771485,2.511528917635285,2.944130146131261,5/5
P4,20,ritz,lift3c,eqcpu,3350,5,0.08130870163440704,0.0036409459526508246,0.07807362824678421,0.08673343807458878,0.08130891919136048,8.221438200000042,2.5615436404610614,2.247603568886791,2.6663146063624223,5/5
P4,20,ritz,lift3u,4000,4000,5,0.12373376190662384,0.011665702728485728,0.10471609234809875,0.13288122415542603,0.12373409420251846,10.406951599998877,1.5963789435344493,1.5092585756094319,2.0339421047224158,5/5
P4,20,ritz,rep3,4000,4000,5,0.07771386057138444,0.005722993368189266,0.07094432413578033,0.08475306630134583,0.07771406620740891,10.98551980000042,2.6466240927694584,2.502903994984248,2.9375502127392332,5/5
P4,20,pinn,plain,4000,4000,5,0.24641552269458772,0.00784287008256959,0.2351483553647995,0.25646352767944336,0.246416175365448,29.989905399997166,,,,
P4,20,pinn,presolve,4000,4000,5,0.24641552269458772,0.00784287008256959,0.2351483553647995,0.25646352767944336,0.246416175365448,30.312536000003014,1.0,1.0,1.0,0/5
P4,20,pinn,lift3c,4000,4000,5,0.061078251153230664,0.0030189599001015795,0.058079179376363754,0.0654144138097763,0.0610784150660038,32.540915399996095,4.016799527780729,3.830917617267623,4.233178340891449,5/5
P4,20,pinn,lift3c,eqcpu,3750,5,0.06372594982385635,0.003098179130829299,0.06067062169313431,0.0681740790605545,0.0637261189520359,29.202508199999205,3.8547739664573126,3.66724725558446,4.05693269255005,5/5
P1,10,ritz,plain,4000,4000,3,0.01750417860845725,0.002369011278312151,0.015612145885825157,0.020161151885986328,0.047534619768460594,9.421705333333193,,,,
P1,10,ritz,presolve,4000,4000,3,0.010188712428013483,0.00012494198212835731,0.010055135935544968,0.010302707552909851,0.027668625116348267,9.63803033333399,1.624741648503116,1.55265388612362,1.9749776299252482,3/3
P1,10,ritz,lift3c,4000,4000,3,0.012091618962585926,0.00018440929415619136,0.011881113983690739,0.012224665842950344,0.0328361876308918,10.970717999999643,1.3755552676255451,1.2771020563174156,1.6969075386080494,3/3
P2,10,ritz,plain,4000,4000,3,0.0782619019349416,0.011795065160264098,0.06539791077375412,0.08856841176748276,0.07826388130585353,9.514707333333064,,,,
P2,10,ritz,presolve,4000,4000,3,0.09379864484071732,0.003955433379335355,0.09009379148483276,0.09796429425477982,0.0938010240594546,9.815300666667264,0.8658800724225258,0.6675688450699298,0.9830689807564953,0/3
P2,10,ritz,lift3c,4000,4000,3,0.01647152192890644,0.00020176310215032738,0.016238601878285408,0.016592402011156082,0.01647193916141987,11.196528333334484,4.873463479329754,3.941437215044761,5.454189494350389,3/3
P3,10,ritz,plain,4000,4000,3,0.025472193335493405,0.0026110895748887868,0.02263113297522068,0.027766834944486618,0.03548462316393852,9.273722666666679,,,,
P3,10,ritz,presolve,4000,4000,3,0.03288564831018448,0.00216889565816587,0.0314323864877224,0.03537866845726967,0.04581210638086001,9.391363666666507,0.7354322031140935,0.7106453292868067,0.8833829704700419,0/3
P3,10,ritz,lift3c,4000,4000,3,0.013260137600203356,0.0013399034205800314,0.012114458717405796,0.014733480289578438,0.018472338716189068,10.799781666666812,2.011882065409403,1.536034428418692,2.292040906837366,3/3
P4,10,ritz,plain,4000,4000,3,0.17527020474274954,0.022827654867919798,0.14895716309547424,0.18977569043636322,0.17527022461096445,9.460562000000172,,,,
P4,10,ritz,presolve,4000,4000,3,0.17527020474274954,0.022827654867919798,0.14895716309547424,0.18977569043636322,0.17527022461096445,9.748956333332751,1.0,1.0,1.0,0/3
P4,10,ritz,lift3c,4000,4000,3,0.040277883410453796,0.00033698214066093797,0.03990056738257408,0.040548890829086304,0.04027788961927096,11.172703333333132,4.6801697051657545,3.6885017539240863,4.688599009198909,3/3
