problem,sampler,arm,seed,rel_l2,linf,rel_linf,final_loss
heat1d,grid,adam,0,0.010430422545701657,0.00936351174689376,0.00936351174689376,4.3939988245256245e-05
heat1d,grid,adam_lbfgs,0,0.006055049013179533,0.006467929499531455,0.006467929499531455,1.2259766890565515e-06
heat1d,grid,adam,1,0.015818751128125565,0.0128415852319953,0.0128415852319953,9.876253170659766e-05
heat1d,grid,adam_lbfgs,1,0.013593548137472797,0.013544151310594832,0.013544151310594832,9.929143516274053e-07
heat1d,grid,adam,2,0.08437970452305296,0.01810982591230217,0.01810982591230217,0.00016203205450437963
heat1d,grid,adam_lbfgs,2,0.003213375823018031,0.003240672490580687,0.003240672490580687,6.399249627975223e-07
heat1d,grid,adam,3,0.030981536545076432,0.01723644509911525,0.01723644509911525,0.00041892024455592036
heat1d,grid,adam_lbfgs,3,0.0019310460070994257,0.0018390566110610962,0.0018390566110610962,1.6261758446489694e-06
heat1d,grid,adam,4,0.018251026514725932,0.015078574419021483,0.015078574419021483,9.158558532362804e-05
heat1d,grid,adam_lbfgs,4,0.008769434907461937,0.008862296162617245,0.008862296162617245,1.9656204131024424e-06
heat1d,grid,adam,5,0.08600405758465988,0.020562730853122435,0.020562730853122435,0.0005725463852286339
heat1d,grid,adam_lbfgs,5,0.00767482552245946,0.007881132212058661,0.007881132212058661,1.4638927723353845e-06
heat1d,grid,adam,6,0.015720697159588883,0.01663164082458679,0.01663164082458679,3.198192280251533e-05
heat1d,grid,adam_lbfgs,6,0.010996435137375585,0.0113385230473525,0.0113385230473525,6.852686738056946e-07
heat1d,grid,adam,7,0.010363030361815254,0.012370131909847136,0.012370131909847136,6.131888221716508e-05
heat1d,grid,adam_lbfgs,7,0.004378391512795007,0.004777784271775998,0.004777784271775998,1.7405520793545293e-06
heat1d,grid,adam,8,0.01267082967404651,0.010886352509260054,0.010886352509260054,6.640188075834885e-05
heat1d,grid,adam_lbfgs,8,0.0021690845372601473,0.002347491174750971,0.002347491174750971,1.1180786714248825e-06
heat1d,grid,adam,9,0.0136033217548608,0.014506963081657763,0.014506963081657763,7.653029751963913e-05
heat1d,grid,adam_lbfgs,9,0.0027727582467344,0.0029740244320876075,0.0029740244320876075,1.8259934222442098e-06
heat1d,random,adam,0,0.011997022858348763,0.01204030774533756,0.01204030774533756,0.00010808160004671663
heat1d,random,adam_lbfgs,0,0.0017344169252560076,0.001288644969463449,0.001288644969463449,1.5564791056021932e-06
heat1d,random,adam,1,0.041417441739011865,0.020447175949811935,0.020447175949811935,0.0001303147873841226
heat1d,random,adam_lbfgs,1,0.0009303657658344103,0.0007675550878047943,0.0007675550878047943,1.8058490240946412e-06
heat1d,random,adam,2,0.21912098395112128,0.04052621223814117,0.04052621223814117,0.006396248936653137
heat1d,random,adam_lbfgs,2,0.0013921944228034865,0.0024435650557279587,0.0024435650557279587,1.947558757819934e-06
heat1d,random,adam,3,0.011389008378566668,0.009681012481451035,0.009681012481451035,7.560863014077768e-05
heat1d,random,adam_lbfgs,3,0.0017700243201784096,0.0023624449968338013,0.0023624449968338013,1.945252506629913e-06
heat1d,random,adam,4,0.0149802341650254,0.014835726469755173,0.014835726469755173,0.00029146275483071804
heat1d,random,adam_lbfgs,4,0.001435122826544982,0.003231219947337982,0.003231219947337982,2.83252120425459e-06
heat1d,random,adam,5,0.021658593760052396,0.015420492738485213,0.015420492738485213,0.00021224445663392544
heat1d,random,adam_lbfgs,5,0.0015671285591700045,0.0013205967843532562,0.0013205967843532562,1.0272660802002065e-06
heat1d,random,adam,6,0.01886047690270762,0.006982141640037298,0.006982141640037298,0.00010285769531037658
heat1d,random,adam_lbfgs,6,0.0009961099043211258,0.00127287547796197,0.00127287547796197,1.0429120038679685e-06
heat1d,random,adam,7,0.06808315160186452,0.026774041354656098,0.026774041354656098,0.0005147565389052033
heat1d,random,adam_lbfgs,7,0.0010797747214945678,0.0017158985137939453,0.0017158985137939453,1.5574494227621472e-06
heat1d,random,adam,8,0.01247416624153408,0.015430476516485091,0.015430476516485091,0.00015405128942802548
heat1d,random,adam_lbfgs,8,0.0006137079403180427,0.001308739185333252,0.001308739185333252,1.9682752281369176e-06
heat1d,random,adam,9,0.013283594382133328,0.016865566372871277,0.016865566372871277,0.00016297472757287323
heat1d,random,adam_lbfgs,9,0.0009658433027066297,0.0012266505509614944,0.0012266505509614944,1.6043367168094846e-06
heat1d,resample,adam,0,0.02143549139782206,0.010435335338115692,0.010435335338115692,0.0005207728827372193
heat1d,resample,adam_lbfgs,0,0.0010075818480016398,0.0009418364092172449,0.0009418364092172449,1.0216517694061622e-06
heat1d,resample,adam,1,0.024954433269055828,0.008681712672114431,0.008681712672114431,0.00022271191119216383
heat1d,resample,adam_lbfgs,1,0.000681797546058781,0.0006515048444271088,0.0006515048444271088,1.2526938917289954e-06
heat1d,resample,adam,2,0.05836784107941364,0.02319697104394441,0.02319697104394441,0.0017631908413022757
heat1d,resample,adam_lbfgs,2,0.0017813257394780552,0.0021171309053896635,0.0021171309053896635,2.523367129469989e-06
heat1d,resample,adam,3,0.05298143427868269,0.021481089293956635,0.021481089293956635,0.0015714108012616634
heat1d,resample,adam_lbfgs,3,0.0013994437693239886,0.0025486722588539124,0.0025486722588539124,2.1280495730024995e-06
heat1d,resample,adam,4,0.07139221903657561,0.030632562935352364,0.030632562935352364,0.0029752382542937994
heat1d,resample,adam_lbfgs,4,0.001070859577168819,0.0023140907287597656,0.0023140907287597656,1.1536087640706683e-06
heat1d,resample,adam,5,0.03832843174904379,0.019553110003471253,0.019553110003471253,0.0013216272927820683
heat1d,resample,adam_lbfgs,5,0.0013490833496916934,0.0024887640029192977,0.0024887640029192977,1.3667270195583114e-06
heat1d,resample,adam,6,0.01779948770089432,0.012029936561116339,0.012029936561116339,0.001560762757435441
heat1d,resample,adam_lbfgs,6,0.0005734918942932778,0.0007680058479307857,0.0007680058479307857,1.2276722145543317e-06
heat1d,resample,adam,7,0.04370911936172447,0.02395927160978321,0.02395927160978321,0.004187975078821182
heat1d,resample,adam_lbfgs,7,0.004127474076553271,0.003829338759971934,0.003829338759971934,1.8288284309164737e-06
heat1d,resample,adam,8,0.022499332520540097,0.025547627359628556,0.025547627359628556,0.0008449149318039417
heat1d,resample,adam_lbfgs,8,0.0011430680707224716,0.000778883695602417,0.000778883695602417,1.628158656785672e-06
heat1d,resample,adam,9,0.018796491663328453,0.021412249654531357,0.021412249654531357,0.0007025136146694422
heat1d,resample,adam_lbfgs,9,0.0014110055136239159,0.002345152199268341,0.002345152199268341,2.545507413742598e-06
heat1d,sobol,adam,0,0.03148054866846105,0.008635865524411285,0.008635865524411285,0.000561934954021126
heat1d,sobol,adam_lbfgs,0,0.0013578229704074222,0.0014196038246155791,0.0014196038246155791,1.0777069974210463e-06
heat1d,sobol,adam,1,0.00405033250399997,0.006709199398756027,0.006709199398756027,2.6465542759979144e-05
heat1d,sobol,adam_lbfgs,1,0.001101923270903317,0.0026714149862527847,0.0026714149862527847,1.555626454319281e-06
heat1d,sobol,adam,2,0.060810204186872996,0.01621129922568786,0.01621129922568786,0.0013564114924520254
heat1d,sobol,adam_lbfgs,2,0.0012361139073263751,0.0011918712963705502,0.0011918712963705502,1.0895273589994758e-06
heat1d,sobol,adam,3,0.01599745947014635,0.011526282876729842,0.011526282876729842,0.00012956809950992465
heat1d,sobol,adam_lbfgs,3,0.001978985219339202,0.0018609911203383174,0.0018609911203383174,1.9646815871965373e-06
heat1d,sobol,adam,4,0.02518725788361903,0.01611206680536258,0.01611206680536258,0.0001889827399281785
heat1d,sobol,adam_lbfgs,4,0.0010936084466612757,0.000985465943813324,0.000985465943813324,1.7412181705367402e-06
heat1d,sobol,adam,5,0.010634994641136049,0.010306254029273864,0.010306254029273864,6.294812192209065e-05
heat1d,sobol,adam_lbfgs,5,0.0013885094087519028,0.001766946166753769,0.001766946166753769,1.6179168369490071e-06
heat1d,sobol,adam,6,0.00873932682465282,0.006681117694825013,0.006681117694825013,7.322325836867094e-05
heat1d,sobol,adam_lbfgs,6,0.000707072150658269,0.0005584321916103892,0.0005584321916103892,1.059607257047901e-06
heat1d,sobol,adam,7,0.014301040915512257,0.011469468474388,0.011469468474388,0.00016957661136984825
heat1d,sobol,adam_lbfgs,7,0.0015650553140379602,0.0012160837650299072,0.0012160837650299072,1.8346900105825625e-06
heat1d,sobol,adam,8,0.05680178541218033,0.013657670468091965,0.013657670468091965,0.00023267243523150682
heat1d,sobol,adam_lbfgs,8,0.0005547317689733471,0.0009322687983512878,0.0009322687983512878,1.2422422059898963e-06
heat1d,sobol,adam,9,0.012500131547234335,0.01016721315681922,0.01016721315681922,0.00011184971663169563
heat1d,sobol,adam_lbfgs,9,0.001209655944575214,0.000800646841525909,0.000800646841525909,1.201691702590324e-06
heat1d,rad,adam,0,0.014022750554844777,0.010496942326426506,0.010496942326426506,0.0001345289929304272
heat1d,rad,adam_lbfgs,0,0.002003876231534464,0.0012915804982185364,0.0012915804982185364,2.311279104105779e-06
heat1d,rad,adam,1,0.007360796731653833,0.006409116089344099,0.006409116089344099,6.631343421759084e-05
heat1d,rad,adam_lbfgs,1,0.0008638880958967722,0.0009704306721687317,0.0009704306721687317,1.331258886239084e-06
heat1d,rad,adam,2,0.013253920316477779,0.013992367312312003,0.013992367312312003,0.00021960778394713998
heat1d,rad,adam_lbfgs,2,0.0008382476799715235,0.0007359012961387634,0.0007359012961387634,1.7873575188787072e-06
heat1d,rad,adam,3,0.015474876913625297,0.01590399071574199,0.01590399071574199,0.00022427541262004524
heat1d,rad,adam_lbfgs,3,0.0020649130255433776,0.0017520412802695003,0.0017520412802695003,1.8291082142241066e-06
heat1d,rad,adam,4,0.022241339782650683,0.02609986811876285,0.02609986811876285,0.0005100201815366745
heat1d,rad,adam_lbfgs,4,0.0007384366435347677,0.0010286867618559566,0.0010286867618559566,1.4795259630773216e-06
heat1d,rad,adam,5,0.022232083262099262,0.018254734575748322,0.018254734575748322,0.0002194908302044496
heat1d,rad,adam_lbfgs,5,0.0014298478434081859,0.0013858706224710705,0.0013858706224710705,1.7157090042019263e-06
heat1d,rad,adam,6,0.008451685954427857,0.005064122378826197,0.005064122378826197,0.00010417379962746054
heat1d,rad,adam_lbfgs,6,0.0006749083015532275,0.0006210561841725298,0.0006210561841725298,1.0110958328368724e-06
heat1d,rad,adam,7,0.014917886112255013,0.018846750259399293,0.018846750259399293,0.00027919496642425656
heat1d,rad,adam_lbfgs,7,0.0011469813885854184,0.0012561082839964864,0.0012561082839964864,2.2841607005830156e-06
heat1d,rad,adam,8,0.011036661975794632,0.011039525270461913,0.011039525270461913,0.00016488638357259333
heat1d,rad,adam_lbfgs,8,0.0006944347686557713,0.00040675699710845947,0.00040675699710845947,2.7120643153466517e-06
heat1d,rad,adam,9,0.01949630585261719,0.033271450549363965,0.033271450549363965,0.0006273300386965275
heat1d,rad,adam_lbfgs,9,0.001188485965175292,0.0011554383672773838,0.0011554383672773838,2.1556104456976755e-06
laplace2d,grid,adam,0,0.00486405386469688,0.011452797696895223,0.011452797696895223,0.0001858274481492117
laplace2d,grid,adam_lbfgs,0,0.0002713373080874529,0.0008068680763244629,0.0008068680763244629,1.5328246263379697e-06
laplace2d,grid,adam,1,0.005657915142607003,0.015433747790112529,0.015433747790112529,0.00020137846877332777
laplace2d,grid,adam_lbfgs,1,0.00032398343224587453,0.0009440021715438895,0.0009440021715438895,1.5380254581032204e-06
laplace2d,grid,adam,2,0.0021322844654540563,0.005032225152043157,0.005032225152043157,9.037872951012105e-05
laplace2d,grid,adam_lbfgs,2,0.00040281162870655556,0.0011605024337768555,0.0011605024337768555,1.5478469777008286e-06
laplace2d,grid,adam,3,0.0040118765505364525,0.010783497140712361,0.010783497140712361,0.00013069843407720327
laplace2d,grid,adam_lbfgs,3,0.00025870846054896915,0.0009673237800598145,0.0009673237800598145,1.1514504194565234e-06
laplace2d,grid,adam,4,0.0026610637284403865,0.00632812472719535,0.00632812472719535,0.00011380125943105668
laplace2d,grid,adam_lbfgs,4,0.0002635590001323821,0.0006655453626649432,0.0006655453626649432,1.0088456292578485e-06
laplace2d,random,adam,0,0.004690828514282557,0.012573477360740104,0.012573477360740104,0.0001345219643553719
laplace2d,random,adam_lbfgs,0,0.0003309551880038971,0.0009475350379943848,0.0009475350379943848,1.2394076520649833e-06
laplace2d,random,adam,1,0.004305430000542623,0.00898869755054954,0.00898869755054954,0.00012756363139487803
laplace2d,random,adam_lbfgs,1,0.0007893278968152752,0.0010138588152206474,0.0010138588152206474,9.89796035355539e-07
laplace2d,random,adam,2,0.006092872733653979,0.009157124803371053,0.009157124803371053,0.00013122033851686865
laplace2d,random,adam_lbfgs,2,0.0004940560650612669,0.0015282630920410156,0.0015282630920410156,1.6865423049239325e-06
laplace2d,random,adam,3,0.0052956706402743315,0.01116528036381248,0.01116528036381248,0.00018802608246915042
laplace2d,random,adam_lbfgs,3,0.0002606707098930689,0.00044226646423339844,0.00044226646423339844,1.325655830441974e-06
laplace2d,random,adam,4,0.0049272739839823715,0.00497043760462057,0.00497043760462057,0.00012443798186723143
laplace2d,random,adam_lbfgs,4,0.0006505487189938326,0.0008128881454467773,0.0008128881454467773,1.2436191809683805e-06
laplace2d,resample,adam,0,0.03473024901411591,0.0328480193271099,0.0328480193271099,0.0006232023006305099
laplace2d,resample,adam_lbfgs,0,0.00036902622256360665,0.0004763459292624894,0.0004763459292624894,1.4335546438815072e-06
laplace2d,resample,adam,1,0.017873144372038113,0.019856843047670103,0.019856843047670103,0.0003317238006275147
laplace2d,resample,adam_lbfgs,1,0.0008136576967028973,0.0016661219002465089,0.0016661219002465089,2.291519194841385e-06
laplace2d,resample,adam,2,0.015247841501193763,0.014158633205000881,0.014158633205000881,0.00020008326100651175
laplace2d,resample,adam_lbfgs,2,0.000398461935170086,0.0012160539627075195,0.0012160539627075195,1.383963763146312e-06
laplace2d,resample,adam,3,0.107315888578938,0.06669223664619173,0.06669223664619173,0.0024929544888436794
laplace2d,resample,adam_lbfgs,3,0.00043103477755495446,0.0007662773132324219,0.0007662773132324219,1.911177605506964e-06
laplace2d,resample,adam,4,0.06840770064708669,0.031089108572047053,0.031089108572047053,0.0007241723360493779
laplace2d,resample,adam_lbfgs,4,0.0004608284571165239,0.0013612852313769075,0.0013612852313769075,9.61080331762787e-07
laplace2d,sobol,adam,0,0.00707527431901664,0.011625651166743856,0.011625651166743856,0.0002239792374894023
laplace2d,sobol,adam_lbfgs,0,0.00020512879569798009,0.00047783424475555947,0.00047783424475555947,1.3295338021634961e-06
laplace2d,sobol,adam,1,0.0057751263976685814,0.015097815717643348,0.015097815717643348,0.00022462697234004736
laplace2d,sobol,adam_lbfgs,1,0.000231014533943259,0.0005763011179245048,0.0005763011179245048,1.1822802434835467e-06
laplace2d,sobol,adam,2,0.0025312073682724973,0.006618738073541408,0.006618738073541408,8.868637814885005e-05
laplace2d,sobol,adam_lbfgs,2,0.0004254935877920236,0.001206517219543457,0.001206517219543457,1.626517814656836e-06
laplace2d,sobol,adam,3,0.00427714144293449,0.010994378373927693,0.010994378373927693,0.0001349523663520813
laplace2d,sobol,adam_lbfgs,3,0.00027989435672395353,0.0007841587066650391,0.0007841587066650391,1.5788604059707723e-06
laplace2d,sobol,adam,4,0.0024764455110354204,0.0058313423252513985,0.0058313423252513985,0.00010319409921066836
laplace2d,sobol,adam_lbfgs,4,0.0003244397623596374,0.0010785460472106934,0.0010785460472106934,1.2461458709367434e-06
laplace2d,rad,adam,0,0.0042115599574807285,0.010071638868159871,0.010071638868159871,0.00014013118925504386
laplace2d,rad,adam_lbfgs,0,0.0003880005895479062,0.0009731650352478027,0.0009731650352478027,1.0642825145623647e-06
laplace2d,rad,adam,1,0.005647832681914442,0.015080947603171913,0.015080947603171913,0.00022757028636988252
laplace2d,rad,adam_lbfgs,1,0.0005470399503438108,0.0012195544443405204,0.0012195544443405204,2.5429385459574405e-06
laplace2d,rad,adam,2,0.0017844365127420284,0.004155500432041936,0.004155500432041936,6.784041761420667e-05
laplace2d,rad,adam_lbfgs,2,0.00043509193265458347,0.0010460513527039694,0.0010460513527039694,1.4380948414327577e-06
laplace2d,rad,adam,3,0.03708090693558241,0.0268393945911074,0.0268393945911074,0.0006772131891921163
laplace2d,rad,adam_lbfgs,3,0.0007354729947747444,0.0009493827819824219,0.0009493827819824219,1.6510311979800463e-06
laplace2d,rad,adam,4,0.003850158629094094,0.00577364502910882,0.00577364502910882,0.00012806656013708562
laplace2d,rad,adam_lbfgs,4,0.0005865414304962758,0.0007085042200363212,0.0007085042200363212,8.841564067552099e-07
laplace2d,grid,adam,5,0.00418615498765532,0.009827736661738973,0.009827736661738973,0.00010663038119673729
laplace2d,grid,adam_lbfgs,5,0.00014422287534116444,0.0003810363016403251,0.0003810363016403251,5.193376182432985e-07
laplace2d,grid,adam,6,0.004272416476736947,0.009948018834895711,0.009948018834895711,0.00012285992852412164
laplace2d,grid,adam_lbfgs,6,0.000147479177108745,0.0002747774124145508,0.0002747774124145508,7.713896934546938e-07
laplace2d,grid,adam,7,0.0035778854646767054,0.005228339192299369,0.005228339192299369,7.34200220904313e-05
laplace2d,grid,adam_lbfgs,7,0.0001659214271093078,0.0007932186126708984,0.0007932186126708984,7.631669518559647e-07
laplace2d,grid,adam,8,0.01587544436387657,0.01875146152760032,0.01875146152760032,0.00016965341637842357
laplace2d,grid,adam_lbfgs,8,0.0001857096436957733,0.0007334189615524345,0.0007334189615524345,1.0886410564125981e-06
laplace2d,grid,adam,9,0.012796326960883325,0.012490485397404272,0.012490485397404272,0.000583701184950769
laplace2d,grid,adam_lbfgs,9,0.00024368735226394707,0.0006412863731384277,0.0006412863731384277,9.123294830715167e-07
laplace2d,random,adam,5,0.00402178937834378,0.01133161773128677,0.01133161773128677,6.477936403825879e-05
laplace2d,random,adam_lbfgs,5,0.0003786830696182308,0.0008886456489562988,0.0008886456489562988,4.10528684824385e-07
laplace2d,random,adam,6,0.014970883773684067,0.015052286095091238,0.015052286095091238,0.00015642677317373455
laplace2d,random,adam_lbfgs,6,0.0003797904367914515,0.0005877799733011724,0.0005877799733011724,1.0273424777551554e-06
laplace2d,random,adam,7,0.004069430575490682,0.0050348684747738015,0.0050348684747738015,5.084458825876936e-05
laplace2d,random,adam_lbfgs,7,0.000453339666216902,0.0011766842004489186,0.0011766842004489186,8.746638968659681e-07
laplace2d,random,adam,8,0.003162304872027239,0.006447833166163264,0.006447833166163264,0.00010538671631366014
laplace2d,random,adam_lbfgs,8,0.00048295661500218925,0.0010284528949511262,0.0010284528949511262,1.6750949498600676e-06
laplace2d,random,adam,9,0.035094263832545665,0.026036519731467922,0.026036519731467922,0.00036070120404474437
laplace2d,random,adam_lbfgs,9,0.0006518518054065407,0.0017656273587076665,0.0017656273587076665,1.1658440826067817e-06
laplace2d,resample,adam,5,0.03560199891786847,0.019162835124106548,0.019162835124106548,0.00033838587114587426
laplace2d,resample,adam_lbfgs,5,0.00027784881779789817,0.0007423758506774902,0.0007423758506774902,8.026712521314039e-07
laplace2d,resample,adam,6,0.09499620514733552,0.057089315155955556,0.057089315155955556,0.0023006258998066187
laplace2d,resample,adam_lbfgs,6,0.0002823481709636796,0.0005478858947753906,0.0005478858947753906,7.674632342968835e-07
laplace2d,resample,adam,7,0.010626601522699824,0.008076402489371803,0.008076402489371803,0.0002880095853470266
laplace2d,resample,adam_lbfgs,7,0.0003803241153670766,0.0013127326965332031,0.0013127326965332031,1.2076477560185594e-06
laplace2d,resample,adam,8,0.07000662009513214,0.04240432391719656,0.04240432391719656,0.001286777900531888
laplace2d,resample,adam_lbfgs,8,0.0005835469888826301,0.00084183981039887,0.00084183981039887,1.1182376056240173e-06
laplace2d,resample,adam,9,0.054072737930713224,0.0313294190853618,0.0313294190853618,0.0004004801157861948
laplace2d,resample,adam_lbfgs,9,0.0004069583133334497,0.000943763752964788,0.000943763752964788,9.365036817143846e-07
laplace2d,sobol,adam,5,0.0044214919430099,0.010292668364300761,0.010292668364300761,0.00014111353084445
laplace2d,sobol,adam_lbfgs,5,0.00023944526474304449,0.000754237174987793,0.000754237174987793,8.525761359123862e-07
laplace2d,sobol,adam,6,0.004158429431653798,0.00977838401586495,0.00977838401586495,0.00011837025522254407
laplace2d,sobol,adam_lbfgs,6,0.00019514449085593515,0.0007408261299133301,0.0007408261299133301,1.278387344427756e-06
laplace2d,sobol,adam,7,0.0023602046108868614,0.005647106667546087,0.005647106667546087,8.763452206039801e-05
laplace2d,sobol,adam_lbfgs,7,0.00021046968760752479,0.0005655884742736816,0.0005655884742736816,7.356127866842144e-07
laplace2d,sobol,adam,8,0.0025171875595148305,0.006427724383130107,0.006427724383130107,7.767969509586692e-05
laplace2d,sobol,adam_lbfgs,8,0.00020036066761576732,0.0003794190339921344,0.0003794190339921344,1.1872183449668228e-06
laplace2d,sobol,adam,9,0.005221871489950659,0.008137383118665742,0.008137383118665742,8.351288124686107e-05
laplace2d,sobol,adam_lbfgs,9,0.00024266983802427624,0.0007764697074890137,0.0007764697074890137,7.188077688624617e-07
laplace2d,rad,adam,5,0.006936472471870333,0.012785453818097148,0.012785453818097148,0.00014065144932828844
laplace2d,rad,adam_lbfgs,5,0.00031964407340251416,0.0006566643714904785,0.0006566643714904785,9.450196785110165e-07
laplace2d,rad,adam,6,0.0039692294572136935,0.008238155863537822,0.008238155863537822,0.00010468177788425237
laplace2d,rad,adam_lbfgs,6,0.00021552064478370863,0.00030263466760516167,0.00030263466760516167,9.949842478818027e-07
laplace2d,rad,adam,7,0.00210553145861834,0.006059229273034816,0.006059229273034816,7.059895142447203e-05
laplace2d,rad,adam_lbfgs,7,0.000312465495383787,0.0005306005477905273,0.0005306005477905273,7.259520771185635e-07
laplace2d,rad,adam,8,0.0059033984471873946,0.008529979909843055,0.008529979909843055,8.695910219103098e-05
laplace2d,rad,adam_lbfgs,8,0.0002820235182713509,0.0006547567640612373,0.0006547567640612373,1.1169380513820215e-06
laplace2d,rad,adam,9,0.040713752185900315,0.029228169645255764,0.029228169645255764,0.0002430083986837417
laplace2d,rad,adam_lbfgs,9,0.0005260994896398398,0.0010707276756409811,0.0010707276756409811,9.441600923310034e-07
laplace3d,grid,adam,0,0.1272906993023136,0.2256059584602186,0.2637691883374584,0.020842738449573517
laplace3d,grid,adam_lbfgs,0,0.06322157733670418,0.12844287657505105,0.150170117549903,0.0004853984573855996
laplace3d,grid,adam,1,0.13180513175395647,0.21610834574545115,0.25266497099313023,0.017392490059137344
laplace3d,grid,adam_lbfgs,1,0.03775583665046034,0.0732569486732838,0.08564900512163624,0.000312161078909412
laplace3d,grid,adam,2,0.1112211562735634,0.20665609216535777,0.24161378567959738,0.01767907291650772
laplace3d,grid,adam_lbfgs,2,0.048525936328220255,0.0915377252065055,0.10702213560655911,0.0003473483957350254
laplace3d,grid,adam,3,0.08266488618306454,0.18778496360624522,0.21955043993721685,0.0125449039041996
laplace3d,grid,adam_lbfgs,3,0.036181138565400846,0.07356692013896865,0.08601141098391706,0.0003446635673753917
laplace3d,grid,adam,4,0.1389097820044863,0.23262449478948802,0.27197497174638724,0.02425255812704563
laplace3d,grid,adam_lbfgs,4,0.05839618517347302,0.13323435311548582,0.15577211444144923,0.0007823446067050099
laplace3d,random,adam,0,0.13289181361585617,0.22436698651159495,0.2623206333990525,0.02300824597477913
laplace3d,random,adam_lbfgs,0,0.03918587372433635,0.06342336985772824,0.07415199005902706,0.0013147781137377024
laplace3d,random,adam,1,0.12548343117831473,0.228270703314192,0.26688469819391863,0.01972275972366333
laplace3d,random,adam_lbfgs,1,0.035660759923083145,0.059396388200479544,0.06944380907643292,0.0005463859997689724
laplace3d,random,adam,2,0.23343581513194428,0.24975961055302634,0.29200864287752387,0.018915943801403046
laplace3d,random,adam_lbfgs,2,0.053862774870086796,0.09760089694256441,0.1141109461082236,0.0011397479102015495
laplace3d,random,adam,3,0.10149334666108421,0.20568370199049152,0.24047690716396627,0.01630604825913906
laplace3d,random,adam_lbfgs,3,0.055531318925636584,0.11654044116910373,0.13625428062922457,0.0005640047020278871
laplace3d,random,adam,4,0.907722790083452,0.3798284679640037,0.4440797902063907,0.0837315171957016
laplace3d,random,adam_lbfgs,4,0.047390493152310614,0.0793158539489085,0.09273282745360216,0.0015719407238066196
laplace3d,resample,adam,0,0.1476162126310884,0.2382002112850014,0.278493869671154,0.0268023032695055
laplace3d,resample,adam_lbfgs,0,0.040110207200877095,0.06985236572275567,0.0816685070549298,0.0004082905943505466
laplace3d,resample,adam,1,0.152126077392751,0.22735627865636981,0.2658155905717809,0.02492981031537056
laplace3d,resample,adam_lbfgs,1,0.04003049350649336,0.06515247080034015,0.07617358361665776,0.0008559725829400122
laplace3d,resample,adam,2,0.14715893764412066,0.23418783521497935,0.2738027649391796,0.023713160306215286
laplace3d,resample,adam_lbfgs,2,0.04816598462254492,0.2308211040996777,0.2698665216781659,0.0008609435753896832
laplace3d,resample,adam,3,0.13940834190066836,0.24663391089285105,0.2883542036597916,0.021917127072811127
laplace3d,resample,adam_lbfgs,3,0.045308262487336465,0.06807188889499094,0.07958684692982292,0.0005894862115383148
laplace3d,resample,adam,4,0.1905323294065073,0.25875275707090584,0.30252305913590116,0.030183754861354828
laplace3d,resample,adam_lbfgs,4,0.040365229056590596,0.07133151797988477,0.08339787091106775,0.0007564420811831951
laplace3d,sobol,adam,0,0.1334229945375056,0.22924029207075328,0.2680183014067274,0.02319895662367344
laplace3d,sobol,adam_lbfgs,0,0.037907997396939466,0.08571322028564604,0.10021236450863161,0.000658881152048707
laplace3d,sobol,adam,1,0.12280242661615033,0.23041897392118663,0.26939636764717073,0.018599718809127808
laplace3d,sobol,adam_lbfgs,1,0.034734714609719386,0.060160947676020315,0.07033770050410398,0.0005046591395512223
laplace3d,sobol,adam,2,0.10932684204948194,0.21713923787916392,0.25387024758790083,0.01801419071853161
laplace3d,sobol,adam_lbfgs,2,0.03537107869979057,0.08687060072831726,0.1015655260210518,0.0006617681938223541
laplace3d,sobol,adam,3,0.1399022298501039,0.2046156784489151,0.23922821805748334,0.017208991572260857
laplace3d,sobol,adam_lbfgs,3,0.030210285224526786,0.062071103061225985,0.07257097545390088,0.0006197055336087942
laplace3d,sobol,adam,4,0.14922005830620802,0.23055111741865367,0.2695508643781474,0.027224719524383545
laplace3d,sobol,adam_lbfgs,4,0.039891793325470916,0.09187559990623059,0.10741716478005485,0.001120514003559947
laplace3d,rad,adam,0,0.1425392026284533,0.24293374395216197,0.2840281209742106,0.024873660877346992
laplace3d,rad,adam_lbfgs,0,0.03819416580964672,0.07052577195323914,0.08245582586533849,0.0016243454301729798
laplace3d,rad,adam,1,0.12702602661134646,0.22573676085317768,0.26392211710431757,0.021045373752713203
laplace3d,rad,adam_lbfgs,1,0.04103890805740891,0.06697715327330017,0.07830692716020214,0.0008694312418811023
laplace3d,rad,adam,2,0.1206553511875836,0.21845328187788166,0.2554065736732006,0.019511999562382698
laplace3d,rad,adam_lbfgs,2,0.03288273536748834,0.05893952652998352,0.06890966524073065,0.001109580509364605
laplace3d,rad,adam,3,0.1154214915412136,0.20748927569235057,0.24258790951990272,0.018691811710596085
laplace3d,rad,adam_lbfgs,3,0.03944007385510896,0.06834153118170683,0.07990210157821044,0.0016412872355431318
laplace3d,rad,adam,4,0.15838256729661968,0.24104841923559397,0.28182387701879497,0.029107052832841873
laplace3d,rad,adam_lbfgs,4,0.05002821881909564,0.08570211904957903,0.10019938540095678,0.003761845175176859
wave1d,grid,adam,0,0.4763700069553062,0.6646628048080991,0.4641420966326342,0.1287139654159546
wave1d,grid,adam_lbfgs,0,0.4313461346137127,0.6153807467312364,0.42972783785856244,0.05239705741405487
wave1d,grid,adam,1,0.5063366174810366,0.7220706106295351,0.5042306635936417,0.1193988174200058
wave1d,grid,adam_lbfgs,1,0.41402876402730837,0.5814350882020478,0.4060231728655183,0.0434575155377388
wave1d,grid,adam,2,0.46054665622736024,0.6323593219384773,0.4415841828165128,0.11879166960716248
wave1d,grid,adam_lbfgs,2,0.45021257806614823,0.6622021519938524,0.4624237929333333,0.08713475614786148
wave1d,grid,adam,3,0.46687351649292336,0.6404783686265572,0.4472538115744386,0.11521195620298386
wave1d,grid,adam_lbfgs,3,0.4497192815745271,0.7190379524409756,0.5021129216050335,0.06623013317584991
wave1d,grid,adam,4,0.5046018748982986,0.6912280028815763,0.48269289659028314,0.11686292290687561
wave1d,grid,adam_lbfgs,4,0.431685152341831,0.6817462765971238,0.4760716921456729,0.061257317662239075
wave1d,random,adam,0,0.4673956679179725,0.6214825179237913,0.43398877867546687,0.11246146261692047
wave1d,random,adam_lbfgs,0,0.44480810719407476,0.6759026209566963,0.47199099654885784,0.056415144354104996
wave1d,random,adam,1,0.5063379110429219,0.6975895525088076,0.487135243838326,0.11660736799240112
wave1d,random,adam_lbfgs,1,0.42281396321613746,0.6338742433917679,0.44264207083804435,0.04744736850261688
wave1d,random,adam,2,0.46108425209067977,0.6489222010240181,0.45315024213173993,0.11863790452480316
wave1d,random,adam_lbfgs,2,0.4574476026345581,0.6406577249579675,0.4473790582756274,0.09370781481266022
wave1d,random,adam,3,0.4672216332350224,0.6477189024552925,0.4523099641493958,0.11504461616277695
wave1d,random,adam_lbfgs,3,0.4349605893866128,0.6544285575602424,0.45699539767383146,0.05757622420787811
wave1d,random,adam,4,0.504750007355104,0.6925038254018323,0.4835838189274429,0.11752327531576157
wave1d,random,adam_lbfgs,4,0.45106847155915564,0.691863062361818,0.48313636632638635,0.08140910416841507
wave1d,resample,adam,0,0.47737600102493194,0.655753903478836,0.4579209028005959,0.11705030500888824
wave1d,resample,adam_lbfgs,0,0.42688799972817004,0.6117845004887132,0.4272165354975196,0.04672282934188843
wave1d,resample,adam,1,0.5106745538772335,0.7207908083602719,0.5033369621494898,0.12104643136262894
wave1d,resample,adam_lbfgs,1,0.4209206096784539,0.5749286451783662,0.4014796448016841,0.053228337317705154
wave1d,resample,adam,2,0.467688625577304,0.7015801032647713,0.489921893822639,0.12325894087553024
wave1d,resample,adam_lbfgs,2,0.4579142764878844,0.6895408948474175,0.48151476859131037,0.0888579860329628
wave1d,resample,adam,3,0.46587232026637715,0.6287257631883247,0.43904682467892214,0.1160380095243454
wave1d,resample,adam_lbfgs,3,0.4637096608840303,0.745007232830323,0.5202475850174574,0.06874607503414154
wave1d,resample,adam,4,0.5092443204101527,0.6982254148592715,0.4875792742284413,0.11881914734840393
wave1d,resample,adam_lbfgs,4,0.43503645353920395,0.6711508059302385,0.46867274649298574,0.060081638395786285
wave1d,sobol,adam,0,0.4709067434122438,0.6304897036213468,0.44027860567372945,0.11279427260160446
wave1d,sobol,adam_lbfgs,0,0.44425477796559876,0.6764032860808615,0.4723406170763793,0.05367128551006317
wave1d,sobol,adam,1,0.5052513753114651,0.6962685943712954,0.4862128027522991,0.11705441772937775
wave1d,sobol,adam_lbfgs,1,0.4246746801227991,0.6235536740217995,0.43543509209458553,0.045957017689943314
wave1d,sobol,adam,2,0.4612379954478157,0.6600686272248848,0.4609339267149699,0.12175552546977997
wave1d,sobol,adam_lbfgs,2,0.4508770302746654,0.6161940713935143,0.4302957923330146,0.09156618267297745
wave1d,sobol,adam,3,0.46468833193552755,0.6206891497239693,0.43343476004074977,0.11409565806388855
wave1d,sobol,adam_lbfgs,3,0.4529876010421831,0.7025067369196785,0.490568973340686,0.06708192825317383
wave1d,sobol,adam,4,0.505902363720949,0.6941460376735227,0.4847305956710554,0.11743301153182983
wave1d,sobol,adam_lbfgs,4,0.4402592639158086,0.7194333831023525,0.5023890556310638,0.06509646028280258
wave1d,rad,adam,0,0.47272240196024534,0.6310402419228147,0.44066305324574856,0.11362089961767197
wave1d,rad,adam_lbfgs,0,0.4414169003459158,0.684680358574189,0.4781205971704098,0.060681670904159546
wave1d,rad,adam,1,0.504529389902424,0.6953599811663393,0.48557830713297806,0.11806318163871765
wave1d,rad,adam_lbfgs,1,0.43349936553917084,0.6397460366557832,0.4467424152786217,0.053486261516809464
wave1d,rad,adam,2,0.46541779026377245,0.6840807756051643,0.47770190111229555,0.11975805461406708
wave1d,rad,adam_lbfgs,2,0.4592486870054784,0.6816824098639733,0.4760270932314338,0.08787958323955536
wave1d,rad,adam,3,0.46599816504514097,0.6309660633668526,0.4406112534605937,0.11485970765352249
wave1d,rad,adam_lbfgs,3,0.4533995041830967,0.6968705678164944,0.48663316810891405,0.06883367896080017
wave1d,rad,adam,4,0.5115505254830902,0.7059068163986699,0.49294329007193793,0.11864898353815079
wave1d,rad,adam_lbfgs,4,0.45947527359310963,0.7450980702590297,0.5203110178954636,0.07516784220933914
wave2d,grid,adam,0,0.2550438694585116,0.30265264884754683,0.30265264884754683,0.036418233066797256
wave2d,grid,adam_lbfgs,0,0.07019814006998265,0.10725565275840346,0.10725565275840346,0.002623490057885647
wave2d,grid,adam,1,0.17842436787208046,0.23038128018379211,0.23038128018379211,0.02138415351510048
wave2d,grid,adam_lbfgs,1,0.04640983778190495,0.0681056882176718,0.0681056882176718,0.0017108017345890403
wave2d,grid,adam,2,0.3076270278977907,0.37381242807289017,0.37381242807289017,0.05045241117477417
wave2d,grid,adam_lbfgs,2,0.04749676114948444,0.07224811922387758,0.07224811922387758,0.0016131290467455983
wave2d,grid,adam,3,0.16364358592179074,0.21552252769470215,0.21552252769470215,0.01736379787325859
wave2d,grid,adam_lbfgs,3,0.04584481320008635,0.08761816035585085,0.08761816035585085,0.0016426944639533758
wave2d,grid,adam,4,0.1495274276631994,0.21397921442985535,0.21397921442985535,0.01651218719780445
wave2d,grid,adam_lbfgs,4,0.036097917451704216,0.06436304769210413,0.06436304769210413,0.0010243643773719668
wave2d,random,adam,0,0.26996819150230045,0.33539541881219437,0.33539541881219437,0.038571156561374664
wave2d,random,adam_lbfgs,0,0.0815483411030051,0.1208541765810261,0.1208541765810261,0.003569799941033125
wave2d,random,adam,1,0.19163766523236592,0.245056025363532,0.245056025363532,0.02336125820875168
wave2d,random,adam_lbfgs,1,0.044420173670583214,0.07324724501156493,0.07324724501156493,0.001552507746964693
wave2d,random,adam,2,0.29439696844078733,0.329773021590251,0.329773021590251,0.04741343483328819
wave2d,random,adam_lbfgs,2,0.033327040856479404,0.05756830192781773,0.05756830192781773,0.0012305736308917403
wave2d,random,adam,3,0.15983366737712765,0.20159851014614105,0.20159851014614105,0.016951225697994232
wave2d,random,adam_lbfgs,3,0.0479438687843264,0.08194188210257625,0.08194188210257625,0.0016841731267049909
wave2d,random,adam,4,0.15001867880367176,0.21846812963485718,0.21846812963485718,0.017406556755304337
wave2d,random,adam_lbfgs,4,0.037163735687579226,0.05411130791687652,0.05411130791687652,0.0011761663481593132
wave2d,resample,adam,0,0.24611589174592208,0.3014084351918367,0.3014084351918367,0.039889201521873474
wave2d,resample,adam_lbfgs,0,0.0528817330414783,0.08658780411773864,0.08658780411773864,0.0020669838413596153
wave2d,resample,adam,1,0.20836212040259658,0.2572474959630763,0.2572474959630763,0.029962662607431412
wave2d,resample,adam_lbfgs,1,0.049832190918994844,0.07334132513694361,0.07334132513694361,0.0016491904389113188
wave2d,resample,adam,2,0.3433247866036877,0.3864376976571171,0.3864376976571171,0.061229657381772995
wave2d,resample,adam_lbfgs,2,0.04965806469896081,0.0687054842710495,0.0687054842710495,0.0016782525926828384
wave2d,resample,adam,3,0.19465592863014666,0.240522423386349,0.240522423386349,0.026032118126749992
wave2d,resample,adam_lbfgs,3,0.06105018202780975,0.11719377887585966,0.11719377887585966,0.002433215267956257
wave2d,resample,adam,4,0.18221660614354915,0.24858437478542328,0.24858437478542328,0.02765372022986412
wave2d,resample,adam_lbfgs,4,0.036893022793222735,0.050359954956563396,0.050359954956563396,0.0010983842657878995
wave2d,sobol,adam,0,0.2539670604572333,0.28044979922002045,0.28044979922002045,0.037049710750579834
wave2d,sobol,adam_lbfgs,0,0.07474952971960892,0.11939763081410734,0.11939763081410734,0.0031596228946000338
wave2d,sobol,adam,1,0.19260658833163435,0.26187974214553833,0.26187974214553833,0.024571161717176437
wave2d,sobol,adam_lbfgs,1,0.04608683678968251,0.06886382422141626,0.06886382422141626,0.0016146018169820309
wave2d,sobol,adam,2,0.28279365683303026,0.330294481980946,0.330294481980946,0.046218644827604294
wave2d,sobol,adam_lbfgs,2,0.0440575466563693,0.06993951749140806,0.06993951749140806,0.0017779091140255332
wave2d,sobol,adam,3,0.16976925867680567,0.21479296684265137,0.21479296684265137,0.018096541985869408
wave2d,sobol,adam_lbfgs,3,0.05067868840912084,0.09545184693030909,0.09545184693030909,0.001720751286484301
wave2d,sobol,adam,4,0.14833164920054562,0.2088356912136078,0.2088356912136078,0.015970591455698013
wave2d,sobol,adam_lbfgs,4,0.027056527757964643,0.04994039781294782,0.04994039781294782,0.000840993132442236
wave2d,rad,adam,0,0.23065251539686524,0.28029972314834595,0.28029972314834595,0.03208862245082855
wave2d,rad,adam_lbfgs,0,0.06900651179752518,0.1132337898015976,0.1132337898015976,0.0026527331210672855
wave2d,rad,adam,1,0.16955824987626358,0.2398281842470169,0.2398281842470169,0.01985575258731842
wave2d,rad,adam_lbfgs,1,0.04377858602148934,0.06288679457880342,0.06288679457880342,0.0015739751979708672
wave2d,rad,adam,2,0.26820896377265707,0.3408080856682324,0.3408080856682324,0.04418152943253517
wave2d,rad,adam_lbfgs,2,0.041489215540482176,0.0808307410366979,0.0808307410366979,0.00132505944930017
wave2d,rad,adam,3,0.16711558115876254,0.22184458374977112,0.22184458374977112,0.018742555752396584
wave2d,rad,adam_lbfgs,3,0.05070366699798592,0.08726604831555693,0.08726604831555693,0.0018094403203576803
wave2d,rad,adam,4,0.1818463522750157,0.24961622059345245,0.24961622059345245,0.02334314025938511
wave2d,rad,adam_lbfgs,4,0.034276585007023984,0.058543053049509436,0.058543053049509436,0.0010738958371803164
