problem,arm,sampler,rel_l2_n,rel_l2_mean,rel_l2_std,rel_l2_median,rel_l2_min,rel_l2_max,rel_l2_geo_mean,rel_l2_geo_std_factor,linf_n,linf_mean,linf_std,linf_median,linf_min,linf_max,linf_geo_mean,linf_geo_std_factor
heat1d,adam,grid,10,0.029822337779165386,0.029767673242417098,0.015769724143857224,0.010363030361815254,0.08600405758465988,0.021276637198444002,2.2143602367887576,10,0.014758776158780216,0.0034675216273488247,0.014792768750339623,0.00936351174689376,0.020562730853122435,0.0143801321658901,1.2759307306818257
heat1d,adam,random,10,0.0433264673980366,0.06433230941220058,0.01692035553386651,0.011389008378566668,0.21912098395112128,0.024731445179195913,2.6234614662195246,10,0.01790031535070319,0.00966652817455188,0.015425484627485152,0.006982141640037298,0.04052621223814117,0.015964001640526655,1.6433874734223621
heat1d,adam,resample,10,0.037026428205708097,0.01897141705255577,0.031641432509049806,0.01779948770089432,0.07139221903657561,0.032907708506131526,1.66784563147418,10,0.019692986647201427,0.007120218333469793,0.021446669474243996,0.008681712672114431,0.030632562935352364,0.018322082722462798,1.5260217992240248
heat1d,adam,sobol,10,0.02405030820538152,0.019967054317070982,0.015149250192829304,0.00405033250399997,0.060810204186872996,0.01765875501456095,2.3312971287962285,10,0.011147643765434565,0.003406874257235238,0.010887861251830932,0.006681117694825013,0.01621129922568786,0.010670153656818723,1.3718505399102618
heat1d,adam,rad,10,0.014848830745644631,0.0052271750206118045,0.014470318333549895,0.007360796731653833,0.022241339782650683,0.013974334693728533,1.4579662193463083,10,0.015937886759638715,0.008717592737429024,0.014948179014026997,0.005064122378826197,0.033271450549363965,0.013797598072178235,1.7973955668167276
heat1d,adam_lbfgs,grid,10,0.006155394884485631,0.0040125494795234425,0.00521672026298727,0.0019310460070994257,0.013593548137472797,0.005009564525946926,1.9994490456654272,10,0.006327306121241105,0.0040167926456757055,0.005622856885653726,0.0018390566110610962,0.013544151310594832,0.005175607948176556,1.993652636652496
heat1d,adam_lbfgs,random,10,0.0012484688688627666,0.0003860537281057676,0.0012359845721490272,0.0006137079403180427,0.0017700243201784096,0.0011901422898648935,1.3999629798183135,10,0.0016938190569571903,0.0007511784056491183,0.001314667984843254,0.0007675550878047943,0.003231219947337982,0.0015601331639584024,1.526508343733932
heat1d,adam_lbfgs,resample,10,0.0014545131384915914,0.0010046995750563421,0.0012460757102070825,0.0005734918942932778,0.004127474076553271,0.0012517621961824626,1.7184955921690104,10,0.0018783379652340473,0.0010497079993184064,0.0022156108170747145,0.0006515048444271088,0.003829338759971934,0.0015887116814468029,1.8952348735977242
heat1d,adam_lbfgs,sobol,10,0.0012193478401634286,0.0004053076288247258,0.0012228849259507946,0.0005547317689733471,0.001978985219339202,0.001152297065283577,1.4479035024396418,10,0.0013403724934661818,0.0006203675047335805,0.0012039775307002287,0.0005584321916103892,0.0026714149862527847,0.001221986252143628,1.5754164655725396
heat1d,adam_lbfgs,rad,10,0.00116440199438588,0.0005191432166663843,0.0010054347422410953,0.0006749083015532275,0.0020649130255433776,0.0010729098260483082,1.5179868746648293,10,0.0010603870963677418,0.00039717740416345706,0.0010920625645666703,0.00040675699710845947,0.0017520412802695003,0.0009832626722952606,1.542045621105033
wave1d,adam,grid,5,0.482945734410985,0.021327194584943976,0.4763700069553062,0.46054665622736024,0.5063366174810366,0.48257086236844193,1.044991302779722,5,0.670159821776849,0.037009059360743626,0.6646628048080991,0.6323593219384773,0.7220706106295351,0.6693513629866462,1.0563187857561667
wave1d,adam,random,5,0.48135789432834014,0.02223168010144051,0.4673956679179725,0.46108425209067977,0.5063379110429219,0.48095111843344457,1.0469328145390873,5,0.6616433998627483,0.032454232083684954,0.6489222010240181,0.6214825179237913,0.6975895525088076,0.6610069914056756,1.0502708010120452
wave1d,adam,resample,5,0.4861711642311999,0.022157328569965055,0.47737600102493194,0.46587232026637715,0.5106745538772335,0.4857702814661605,1.046371841400873,5,0.6810151986302951,0.03766139955655446,0.6982254148592715,0.6287257631883247,0.7207908083602719,0.6801690396265222,1.057572923069611
wave1d,adam,sobol,5,0.48159736196560027,0.02216390017748803,0.4709067434122438,0.4612379954478157,0.505902363720949,0.48119288066755167,1.0467967584298798,5,0.6603324225230038,0.03498933964180605,0.6600686272248848,0.6206891497239693,0.6962685943712954,0.6595895703289999,1.0545088075422346
wave1d,adam,rad,5,0.48404365453093456,0.02223188348711828,0.47272240196024534,0.46541779026377245,0.5115505254830902,0.4836394014609842,1.046642836973774,5,0.6694707756919682,0.03595416150100077,0.6840807756051643,0.6309660633668526,0.7059068163986699,0.6686910372251631,1.055599781393258
wave1d,adam_lbfgs,grid,5,0.4353983821247055,0.015094849497284957,0.431685152341831,0.41402876402730837,0.45021257806614823,0.4351876214508878,1.0354681216599166,5,0.6519604431930472,0.054321682152448356,0.6622021519938524,0.5814350882020478,0.7190379524409756,0.6501327794541372,1.0876395022591134
wave1d,adam_lbfgs,random,5,0.44221974679810777,0.013658028184615785,0.44480810719407476,0.42281396321613746,0.4574476026345581,0.4420497511291451,1.0315508225154297,5,0.6593452418456984,0.024257598233213905,0.6544285575602424,0.6338742433917679,0.691863062361818,0.6589904760168109,1.037305536855443
wave1d,adam_lbfgs,resample,5,0.44089380006354856,0.018971421982754384,0.43503645353920395,0.4209206096784539,0.4637096608840303,0.44056908887665674,1.043791825188493,5,0.6584824158550118,0.06665881237854898,0.6711508059302385,0.5749286451783662,0.745007232830323,0.6557685886865332,1.107180302101715
wave1d,adam_lbfgs,sobol,5,0.442610670664211,0.011246614429408958,0.44425477796559876,0.4246746801227991,0.4529876010421831,0.442494911563773,1.025985661251245,5,0.6676182303036413,0.04627451890184684,0.6764032860808615,0.6161940713935143,0.7194333831023525,0.666327334059328,1.0721650443437734
wave1d,adam_lbfgs,rad,5,0.44940794613335433,0.011522408038874403,0.4533995041830967,0.43349936553917084,0.45947527359310963,0.44928891786596264,1.0261162906296613,5,0.6896154886338939,0.037766402151279646,0.684680358574189,0.6397460366557832,0.7450980702590297,0.6887928407512247,1.056083205235587
wave2d,adam,grid,5,0.21085325576267455,0.0677480925939366,0.17842436787208046,0.1495274276631994,0.3076270278977907,0.20274151104492183,1.3617951569966842,5,0.2672696198457573,0.06978844314204642,0.23038128018379211,0.21397921442985535,0.37381242807289017,0.2606045132221261,1.279277237370005
wave2d,adam,random,5,0.21317103427125064,0.06542237794078765,0.19163766523236592,0.15001867880367176,0.29439696844078733,0.2053563234947521,1.3558683976628962,5,0.2660582211093951,0.06270603271568263,0.245056025363532,0.20159851014614105,0.33539541881219437,0.2602451285230488,1.2642077725295275
wave2d,adam,resample,5,0.23493506670518044,0.06515579166797925,0.20836212040259658,0.18221660614354915,0.3433247866036877,0.22861453282548733,1.2883158898023153,5,0.2868400853967604,0.060449292265492505,0.2572474959630763,0.240522423386349,0.3864376976571171,0.28225593876951127,1.2162825357397946
wave2d,adam,sobol,5,0.20949364269984985,0.056909502060291925,0.19260658833163435,0.14833164920054562,0.28279365683303026,0.20342401157563425,1.3109430665904414,5,0.2592505362805528,0.050054210054668424,0.26187974214553833,0.2088356912136078,0.330294481980946,0.25546807024637214,1.210525668895728
wave2d,adam,rad,5,0.20347633249591285,0.04435441094138433,0.1818463522750157,0.16711558115876254,0.26820896377265707,0.19984550722275232,1.232670198275867,5,0.2664793594813638,0.046644066577605975,0.24961622059345245,0.22184458374977112,0.3408080856682324,0.2634334273906849,1.1816218062135502
wave2d,adam_lbfgs,grid,5,0.04920949393063252,0.012594932602785923,0.04640983778190495,0.036097917451704216,0.07019814006998265,0.048047898929300205,1.270353530903344,5,0.07991813364958156,0.017656118272565798,0.07224811922387758,0.06436304769210413,0.10725565275840346,0.07847515291144763,1.2333696255511095
wave2d,adam_lbfgs,random,5,0.048880632020394665,0.019151711989565626,0.044420173670583214,0.033327040856479404,0.0815483411030051,0.04640116826466153,1.4138477015601347,5,0.07754458270797229,0.026747403780246527,0.07324724501156493,0.05411130791687652,0.1208541765810261,0.07426874218914262,1.3784559276817232
wave2d,adam_lbfgs,resample,5,0.0500630386960933,0.008693804833339586,0.049832190918994844,0.036893022793222735,0.06105018202780975,0.049418246450788954,1.2015051299269073,5,0.07923766947163095,0.024871202813937152,0.07334132513694361,0.050359954956563396,0.11719377887585966,0.07623551789509773,1.363945558515968
wave2d,adam_lbfgs,sobol,5,0.048525825866549244,0.017169467150967885,0.04608683678968251,0.027056527757964643,0.07474952971960892,0.04609572189157572,1.4383871016031444,5,0.0807186434540377,0.027005360801946706,0.06993951749140806,0.04994039781294782,0.11939763081410734,0.07719499835527101,1.3973244160086298
wave2d,adam_lbfgs,rad,5,0.047850913072901326,0.013200520708499598,0.04377858602148934,0.034276585007023984,0.06900651179752518,0.04651840216323897,1.2985309364496558,5,0.08055208535643306,0.02185010729030371,0.0808307410366979,0.058543053049509436,0.1132337898015976,0.0782864406316809,1.3037796489040137
laplace2d,adam,grid,10,0.0060035422005563655,0.004562203449799526,0.004229285732196133,0.0021322844654540563,0.01587544436387657,0.004910016280762458,1.8775123307600443,10,0.010527643412089727,0.004387092218045322,0.010365757987804036,0.005032225152043157,0.01875146152760032,0.009685780023450651,1.553955130933832
laplace2d,adam,random,10,0.00866307483048273,0.009876836769128995,0.004809051249132465,0.003162304872027239,0.035094263832545665,0.00622451639806786,2.089668610556197,10,0.011075814288187675,0.006192968730756117,0.010161202583591766,0.00497043760462057,0.026036519731467922,0.009813083172110946,1.6634690252087738
laplace2d,adam,resample,10,0.05088789877271217,0.033810190795732914,0.04483736842429085,0.010626601522699824,0.107315888578938,0.03958748168169381,2.2290591381766736,10,0.032270713657001196,0.01869474853286368,0.031209263828704426,0.008076402489371803,0.06669223664619173,0.02723779399792299,1.9064495117213773
laplace2d,adam,sobol,10,0.004081438007394368,0.0016220983927643204,0.0042177854372941435,0.0023602046108868614,0.00707527431901664,0.0037982228980814677,1.494419171924078,10,0.009045119220661535,0.003066392463532926,0.008957883567265346,0.005647106667546087,0.015097815717643348,0.008600444326350605,1.3958353548168188
laplace2d,adam,rad,10,0.011220327873760377,0.014698608004673435,0.004929696319697585,0.0017844365127420284,0.040713752185900315,0.006203695479812253,2.878072504610575,10,0.012676211503335855,0.008743642331121624,0.009300809389001463,0.004155500432041936,0.029228169645255764,0.010452226368580696,1.9022481030032836
laplace2d,adam_lbfgs,grid,10,0.0002407420305240172,8.27475623640156e-05,0.0002511979064064581,0.00014422287534116444,0.00040281162870655556,0.00022835775104741477,1.409811740078006,10,0.0007367979485786603,0.0002662360040716027,0.0007633187871116665,0.0002747774124145508,0.0011605024337768555,0.0006834260886323567,1.5515341142764287
laplace2d,adam_lbfgs,random,10,0.00048721801718026555,0.0001651014896483172,0.00046814814060954564,0.0002606707098930689,0.0007893278968152752,0.00046264466316042963,1.406253127051587,10,0.0010192001631301405,0.00039790212113451605,0.000980696926607516,0.00044226646423339844,0.0017656273587076665,0.0009484561271445156,1.5062818327336016
laplace2d,adam_lbfgs,resample,10,0.0004404035495452803,0.00015751583373867426,0.00040271012425176786,0.00027784881779789817,0.0008136576967028973,0.0004194025396202752,1.3751838211391871,10,0.000987468234217559,0.00038657332418854897,0.000892801781681829,0.0004763459292624894,0.0016661219002465089,0.0009184383697599994,1.504237467795602
laplace2d,adam_lbfgs,sobol,10,0.0002554060985363402,7.1891533681004e-05,0.00023522989934315176,0.00019514449085593515,0.0004254935877920236,0.0002478715911031622,1.2806910464551235,10,0.0007339897856755206,0.0002563288137009905,0.0007475316524505615,0.0003794190339921344,0.001206517219543457,0.000694651747543627,1.4228262240527036
laplace2d,adam_lbfgs,rad,10,0.0004347900119298521,0.00016200277475913983,0.00041154626110124484,0.00021552064478370863,0.0007354729947747444,0.0004078128154169944,1.4646456914417938,10,0.0008112041860899421,0.000284969237691338,0.0008289435010093715,0.00030263466760516167,0.0012195544443405204,0.0007569223574956644,1.5202547339920267
laplace3d,adam,grid,5,0.11837833110347687,0.02240493839731092,0.1272906993023136,0.08266488618306454,0.1389097820044863,0.11646463231280134,1.2318370696859149,5,0.21375597095335216,0.01751341317574844,0.21610834574545115,0.18778496360624522,0.23262449478948802,0.21316569520900355,1.0873780945975502
laplace3d,adam,random,5,0.3002054393341303,0.34334517596621056,0.13289181361585617,0.10149334666108421,0.907722790083452,0.20461081397324032,2.430149686465208,5,0.25758189406666177,0.0701092206435793,0.228270703314192,0.20568370199049152,0.3798284679640037,0.2511561091777577,1.2728863677185447
laplace3d,adam,resample,5,0.15536837979502716,0.02018185895118819,0.1476162126310884,0.13940834190066836,0.1905323294065073,0.15441033374871269,1.1293579874174284,5,0.2410261986240215,0.012117068970436072,0.2382002112850014,0.22735627865636981,0.25875275707090584,0.24078545015712813,1.0511051178657855
laplace3d,adam,sobol,5,0.13093491027188994,0.01544341222886526,0.1334229945375056,0.10932684204948194,0.14922005830620802,0.13018569189746543,1.1283250472101507,5,0.22239305994773453,0.01141809664345748,0.22924029207075328,0.2046156784489151,0.23055111741865367,0.2221522560377602,1.0537923205702817
laplace3d,adam,rad,5,0.13280492785304332,0.01755109338209008,0.12702602661134646,0.1154214915412136,0.15838256729661968,0.13190872951552376,1.1377989095330399,5,0.22713229632223317,0.015053781041467587,0.22573676085317768,0.20748927569235057,0.24293374395216197,0.22673038718401825,1.068946470858098
laplace3d,adam_lbfgs,grid,5,0.04881613481085173,0.012055617777561579,0.048525936328220255,0.036181138565400846,0.06322157733670418,0.04761436657367608,1.285068222281655,5,0.10000776474185895,0.029150590702831217,0.0915377252065055,0.0732569486732838,0.13323435311548582,0.09666996277272508,1.3374354341054502
laplace3d,adam_lbfgs,random,5,0.0463262441190907,0.008766452624481244,0.047390493152310614,0.035660759923083145,0.055531318925636584,0.04564230971625972,1.2148134979182053,5,0.08325539002375688,0.02393621281061323,0.0793158539489085,0.059396388200479544,0.11654044116910373,0.08058606769690435,1.328934893349383
laplace3d,adam_lbfgs,resample,5,0.04279603537476849,0.0037389287954627233,0.040365229056590596,0.04003049350649336,0.04816598462254492,0.04266917287407871,1.0893017007581416,5,0.10104586949952984,0.07258307024836365,0.06985236572275567,0.06515247080034015,0.2308211040996777,0.08740320503371946,1.7227444349568046
laplace3d,adam_lbfgs,sobol,5,0.03562317385128942,0.0036603895258973144,0.03537107869979057,0.030210285224526786,0.039891793325470916,0.035467963553189104,1.1111457460860144,5,0.07733829433148805,0.015004048376679673,0.08571322028564604,0.060160947676020315,0.09187559990623059,0.07611407806658309,1.2243814023797996
laplace3d,adam_lbfgs,rad,5,0.04031682038174972,0.006232428040578078,0.03944007385510896,0.03288273536748834,0.05002821881909564,0.039945025681515124,1.1631999530374528,5,0.07009722039756175,0.009759712012922873,0.06834153118170683,0.05893952652998352,0.08570211904957903,0.06957792747897303,1.14457234064634
