problem,n,grid_values,time_s_best_of_3,rel_l2,linf,rel_linf,observed_order_rel_l2
heat1d,25,676,0.0005462919998535654,0.00816341306175431,0.004352413355542983,0.004352413355542983,
heat1d,50,2601,0.0010855829996216926,0.0020205405252056038,0.001078749897292508,0.001078749897292508,2.0144311709049543
heat1d,100,10201,0.0022133329994176165,0.0005047835955869683,0.0002707655273762044,0.0002707655273762044,2.0010043557741577
heat1d,200,40401,0.005178667000109272,0.00012586576820676831,6.710255958425337e-05,6.710255958425337e-05,2.0037790607915507
heat1d,400,160801,0.01248133399985818,3.146167467685837e-05,1.6772509661699964e-05,1.6772509661699964e-05,2.0002185944344553
heat1d,800,641601,0.03239412499988248,7.865122497062085e-06,4.192932785751502e-06,4.192932785751502e-06,2.000054325670199
wave1d,25,2626,0.0004445000004125177,0.05139883702488204,0.0944942707977181,0.06598649518305398,
wave1d,50,10251,0.0010402079997220426,0.012767182719506937,0.02356761811677255,0.01645755352372138,2.00929550995209
wave1d,100,40501,0.001872291999461595,0.003186074970612029,0.0058832651347209275,0.004108355387004762,2.0025880866992134
wave1d,200,161001,0.0038677089996781433,0.000796155707335678,0.001470129762789707,0.0010266094408882397,2.000657697825256
wave1d,400,642001,0.00869254200006253,0.000199016042183923,0.000367490919676694,0.0002566233655897775,2.0001658844816346
wave1d,800,2564001,0.022888000000421016,4.975257841050432e-05,9.187011227629327e-05,6.415401346567825e-05,2.000041527596746
wave2d,20,9261,0.00035487500008457573,0.005115591008892762,0.00883231669808543,0.00883231669808543,
wave2d,40,35301,0.0012358339999991586,0.0012782331896529964,0.0022025664320250993,0.0022025664320250993,2.000749872546817
wave2d,80,137781,0.004491666999456356,0.00031921556044823125,0.0005504519813170905,0.0005504519813170905,2.00154816907776
wave2d,160,544341,0.026494624999941152,7.979364256682974e-05,0.00013759329248680396,0.00013759329248680396,2.000185267058381
wave2d,320,2163861,0.18630129200028023,1.994777004334393e-05,3.439709131763946e-05,3.439709131763946e-05,2.0000463296519335
laplace2d,25,676,0.0022201669999049045,0.00120253897841469,0.000974566030784052,0.000974566030784052,
laplace2d,50,2601,0.006310750000011467,0.0003019741212168641,0.00025017993855225296,0.00025017993855225296,1.9935868345480088
laplace2d,100,10201,0.02418912499979342,7.507659336488522e-05,6.217170922140358e-05,6.217170922140358e-05,2.0079898239768292
laplace2d,200,40401,0.12090179200004059,1.8860274546069746e-05,1.5123162472624463e-05,1.5123162472624463e-05,1.9930125114476755
laplace2d,400,160801,0.6550974580004549,4.715289863837512e-06,3.781023601018285e-06,3.781023601018285e-06,1.9999323114688314
laplace3d,20,9261,0.00028974999986530747,0.03899527060376223,0.17128228990149635,0.20025619399527256,
laplace3d,40,68921,0.001607541999874229,0.009967671109140394,0.04341241798277268,0.05075600987330118,1.9679707912426998
laplace3d,80,531441,0.009995583000090846,0.0015359708778911313,0.004580934043487972,0.005355839281573392,2.6981056036058897
laplace3d,160,4173281,0.08624683300058678,0.00041329302513448403,0.0012530150556461783,0.0014649735603534,1.893913941078745
