source,d,p,r,n,beta,galerkin,exact,exact_over_galerkin
inputs/robin_bias_sparse.out,2,12,2,91,1,0.28833,0.28832790727473967,0.9999927419094083
inputs/robin_bias_sparse.out,2,12,2,91,10,0.050017,0.05001815825163299,1.0000231571592257
inputs/robin_bias_sparse.out,2,12,2,91,100,0.0054831,0.005483274742540709,1.0000318692966952
inputs/robin_bias_sparse.out,2,12,2,91,1000,0.00055546,0.0005542182288597091,0.9977644274289941
inputs/robin_bias_sparse.out,5,10,5,3003,1,0.16403,0.164034744775539,1.0000289262667743
inputs/robin_bias_sparse.out,5,10,5,3003,10,0.026406,0.026445659780672353,1.0015019230732543
inputs/robin_bias_sparse.out,5,10,5,3003,100,0.0028985,0.0029910499013082762,1.0319302747311632
inputs/robin_bias_sparse.out,5,10,5,3003,1000,0.00026345,0.00030480314754991004,1.1569677265132285
inputs/robin_bias_sparse.out,5,10,2,501,1,0.1619,0.164034744775539,1.0131855761305684
inputs/robin_bias_sparse.out,5,10,2,501,10,0.023164,0.026445659780672353,1.1416706864389723
inputs/robin_bias_sparse.out,5,10,2,501,100,0.0020657,0.0029910499013082762,1.4479594816809198
inputs/robin_bias_sparse.out,5,10,2,501,1000,0.00016165,0.00030480314754991004,1.8855746832657596
inputs/robin_bias_sparse.out,5,10,3,1701,1,0.16401,0.164034744775539,1.0001508735780684
inputs/robin_bias_sparse.out,5,10,3,1701,10,0.026037,0.026445659780672353,1.015695348184213
inputs/robin_bias_sparse.out,5,10,3,1701,100,0.0026694,0.0029910499013082762,1.1204952054050634
inputs/robin_bias_sparse.out,5,10,3,1701,1000,0.00021578,0.00030480314754991004,1.412564406107656
inputs/robin_bias_sparse.out,5,10,4,2751,1,0.16403,0.164034744775539,1.0000289262667743
inputs/robin_bias_sparse.out,5,10,4,2751,10,0.026394,0.026445659780672353,1.0019572547045674
inputs/robin_bias_sparse.out,5,10,4,2751,100,0.0028786,0.0029910499013082762,1.0390640941111222
inputs/robin_bias_sparse.out,5,10,4,2751,1000,0.00025305,0.00030480314754991004,1.2045174769804783
inputs/robin_bias_sparse.out,5,14,2,981,1,0.1619,0.164034744775539,1.0131855761305684
inputs/robin_bias_sparse.out,5,14,2,981,10,0.023171,0.026445659780672353,1.1413257857093932
inputs/robin_bias_sparse.out,5,14,2,981,100,0.0020839,0.0029910499013082762,1.4353135473430951
inputs/robin_bias_sparse.out,5,14,2,981,1000,0.00015778,0.00030480314754991004,1.9318237263906075
inputs/robin_bias_sparse.out,5,14,3,4621,1,0.16401,0.164034744775539,1.0001508735780684
inputs/robin_bias_sparse.out,5,14,3,4621,10,0.026065,0.026445659780672353,1.0146042501696664
inputs/robin_bias_sparse.out,5,14,3,4621,100,0.0027229,0.0029910499013082762,1.0984795259863662
inputs/robin_bias_sparse.out,5,14,3,4621,1000,0.00023792,0.00030480314754991004,1.2811161211748068
inputs/robin_bias_sparse.out,10,6,10,8008,1,0.078265,0.07836999811733465,1.0013415718052086
inputs/robin_bias_sparse.out,10,6,10,8008,10,0.011571,0.01231641848534202,1.0644212674221778
inputs/robin_bias_sparse.out,10,6,10,8008,100,0.001236,0.0014633463311224668,1.1839371611023195
inputs/robin_bias_sparse.out,10,6,10,8008,1000,0.0001245,0.00015130809960506124,1.215326101245472
inputs/robin_bias_sparse.out,10,6,2,736,1,0.076309,0.07836999811733465,1.0270085850598836
inputs/robin_bias_sparse.out,10,6,2,736,10,0.010498,0.01231641848534202,1.1732157063575936
inputs/robin_bias_sparse.out,10,6,2,736,100,0.0011392,0.0014633463311224668,1.284538563134188
inputs/robin_bias_sparse.out,10,6,2,736,1000,0.00011576,0.00015130809960506124,1.3070844817299692
inputs/robin_bias_sparse.out,10,6,3,3136,1,0.078213,0.07836999811733465,1.0020073148624224
inputs/robin_bias_sparse.out,10,6,3,3136,10,0.011481,0.01231641848534202,1.0727653066232923
inputs/robin_bias_sparse.out,10,6,3,3136,100,0.0012259,0.0014633463311224668,1.193691435779808
inputs/robin_bias_sparse.out,10,6,3,3136,1000,0.00012356,0.00015130809960506124,1.2245718647220885
inputs/robin_bias_sparse.out,10,10,2,2126,1,0.076354,0.07836999811733465,1.0264033071919565
inputs/robin_bias_sparse.out,10,10,2,2126,10,0.010499,0.01231641848534202,1.173103960885991
inputs/robin_bias_sparse.out,10,10,2,2126,100,0.00099876,0.0014633463311224668,1.4651631334078925
inputs/robin_bias_sparse.out,10,10,2,2126,1000,9.1675e-05,0.00015130809960506124,1.650483769894314
inputs/robin_bias_sparse.out,10,10,3,16526,1,0.078296,0.07836999811733465,1.0009451072511322
inputs/robin_bias_sparse.out,10,10,3,16526,10,0.011856,0.01231641848534202,1.0388342177245293
inputs/robin_bias_sparse.out,10,10,3,16526,100,0.0011912,0.0014633463311224668,1.228464012023562
inputs/robin_bias_sparse.out,10,10,3,16526,1000,0.00010489,0.00015130809960506124,1.4425407532182406
inputs/robin_bias_sparse.out,10,14,2,4236,1,0.076355,0.07836999811733465,1.0263898646759826
inputs/robin_bias_sparse.out,10,14,2,4236,10,0.010517,0.01231641848534202,1.1710961762234495
inputs/robin_bias_sparse.out,10,14,2,4236,100,0.0010083,0.0014633463311224668,1.4513005366681215
inputs/robin_bias_sparse.out,10,14,2,4236,1000,7.9591e-05,0.00015130809960506124,1.9010704678300465
inputs/robin_bias_sparse.out,10,12,3,29491,1,0.078297,0.07836999811733465,1.0009323232989087
inputs/robin_bias_sparse.out,10,12,3,29491,10,0.011897,0.01231641848534202,1.0352541384670102
inputs/robin_bias_sparse.out,10,12,3,29491,100,0.001232,0.0014633463311224668,1.1877811129240803
inputs/robin_bias_sparse.out,10,12,3,29491,1000,0.00010135,0.00015130809960506124,1.4929264884564504
inputs/robin_bias_sparse.out,20,4,20,10626,1,0.036979,0.03664964558886891,0.9910934743738042
inputs/robin_bias_sparse.out,20,4,20,10626,10,0.005431,0.005799424052106699,1.0678372403068863
inputs/robin_bias_sparse.out,20,4,20,10626,100,0.00058779,0.0007369014188332752,1.253681448873365
inputs/robin_bias_sparse.out,20,4,20,10626,1000,5.9303e-05,7.816565678447596e-05,1.318072555932684
inputs/robin_bias_sparse.out,20,4,2,1221,1,0.036193,0.03664964558886891,1.0126169587729368
inputs/robin_bias_sparse.out,20,4,2,1221,10,0.0052783,0.005799424052106699,1.0987295250566849
inputs/robin_bias_sparse.out,20,4,2,1221,100,0.00057207,0.0007369014188332752,1.2881315552874215
inputs/robin_bias_sparse.out,20,4,2,1221,1000,5.7728e-05,7.816565678447596e-05,1.3540336887554734
inputs/robin_bias_sparse.out,20,10,2,8751,1,0.035431,0.03664964558886891,1.034394896809825
inputs/robin_bias_sparse.out,20,10,2,8751,10,0.0049988,0.005799424052106699,1.1601632496012442
inputs/robin_bias_sparse.out,20,10,2,8751,100,0.00054374,0.0007369014188332752,1.3552459242161239
inputs/robin_bias_sparse.out,20,10,2,8751,1000,5.5578e-05,7.816565678447596e-05,1.4064136310136377
inputs/robin_bias_sparse.out,20,14,2,17571,1,0.035432,0.03664964558886891,1.03436570300488
inputs/robin_bias_sparse.out,20,14,2,17571,10,0.0050226,0.005799424052106699,1.154665721360789
inputs/robin_bias_sparse.out,20,14,2,17571,100,0.00052141,0.0007369014188332752,1.4132859339737927
inputs/robin_bias_sparse.out,20,14,2,17571,1000,4.7547e-05,7.816565678447596e-05,1.643966113203272
inputs/robin_bias_sparse.out,5,12,5,6188,1,0.16403,0.164034744775539,1.0000289262667743
inputs/robin_bias_sparse.out,5,12,5,6188,10,0.026437,0.026445659780672353,1.0003275629107824
inputs/robin_bias_sparse.out,5,12,5,6188,100,0.0029618,0.0029910499013082762,1.009875717910823
inputs/robin_bias_sparse.out,5,12,5,6188,1000,0.00029084,0.00030480314754991004,1.0480097220117937
inputs/robin_bias_sparse.out,5,14,4,9626,1,0.16403,0.164034744775539,1.0000289262667743
inputs/robin_bias_sparse.out,5,14,4,9626,10,0.026429,0.026445659780672353,1.0006303598574426
inputs/robin_bias_sparse.out,5,14,4,9626,100,0.0029546,0.0029910499013082762,1.012336661919812
inputs/robin_bias_sparse.out,5,14,4,9626,1000,0.00028602,0.00030480314754991004,1.0656707487235508
inputs/robin_bias_sparse.out,3,16,3,969,1,0.25339,0.2533863420307784,0.9999855638769424
inputs/robin_bias_sparse.out,3,16,3,969,10,0.042443,0.04244310492684779,1.00000247218264
inputs/robin_bias_sparse.out,3,16,3,969,100,0.004697,0.004697876989026649,1.0001867125881732
inputs/robin_bias_sparse.out,3,16,3,969,1000,0.00047611,0.0004760246425615596,0.9998207190807997
