abs_bias,article_series,article_series_mc_se,beta,d,exact_beta_abs,exact_over_article_series,exact_over_fd,exact_over_galerkin,fd_beta_abs,galerkin,galerkin_p,ratio_bound_article,ratio_bound_b,ratio_exact_over_first,rel_bias,rel_bias_trunc_diff,rel_bound_article,rel_bound_b,rel_first_order,thm1_lhs,thm1_ok,thm1_rhs
0.09610930242491321,0.2883279072747398,0.0,1,2,,0.9999999999999997,,0.9999927419094083,,0.28833,16,12.315021226455505,3.2457850038605867,0.5196054889818159,0.28832790727473967,1.155167082283772e-15,3.5507642982679135,0.9358503976268556,0.5548977318152041,0.0888566081801548,True,0.3805632838317782
0.046210544509725546,,,3,2,,,,,,,,8.537648077078584,2.250208878023728,0.7494982890397436,0.13863163352917665,2.6027427782363725e-15,1.183588099422638,0.31195013254228526,0.184965910605068,0.015444759025297121,True,0.07323943812132169
0.016672719417210997,0.050018158251634255,0.0,10,2,0.16672719417210996,0.9999999999999748,0.9999831714275174,1.0000031638936582,0.16673,0.050018,16,7.098950505943485,1.8710213057401048,0.9013941738058932,0.05001815825163299,7.630012340617076e-15,0.35507642982679133,0.09358503976268556,0.0554897731815204,0.0018238716432958033,True,0.012034467707415503
0.0018277582475135696,0.00548327474254532,0.0,100,2,0.18277582475135695,0.9999999999991591,0.9999224506338253,0.9999953937484196,0.18279,0.0054833,16,6.475627184463577,1.706736287288832,0.9881595162776388,0.005483274742540709,6.65634746539076e-13,0.03550764298267914,0.009358503976268556,0.00554897731815204,2.1900858537110372e-05,True,0.00038056328383177817
0.000184739409619903,0.0005542182283722703,0.0,1000,2,0.184739409619903,1.000000000879507,0.999888556072218,0.9991314744180801,0.18476,0.0005547,16,6.406798104734894,1.6885954825995997,0.9987754447053294,0.0005542182288597091,6.185461434836315e-11,0.0035507642982679135,0.0009358503976268557,0.0005548977318152041,2.2650098516500874e-07,True,1.2034467707415503e-05
1.8494325983008632e-05,,,10000,2,,,,,,,,6.399736332700313,1.6867342601665205,0.9998775408132905,5.54829779490259e-05,,0.00035507642982679136,9.358503976268557e-05,5.54897731815204e-05,2.2650774981674085e-09,True,3.8056328383177816e-07
1.8496356085765455e-06,,,100000,2,,,,,,,,6.3990339174617805,1.6865491294382995,0.9999872963217613,5.548906825729637e-06,,3.5507642982679135e-05,9.358503976268557e-06,5.5489773181520405e-06,2.349747413452981e-11,True,1.2034467707415503e-08
0.08446211401025946,0.25338634203140986,0.0,1,3,,0.999999999997508,,0.9999855638769424,,0.25339,16,13.900171753751822,3.205063152967676,0.531466641921854,0.2533863420307784,1.314462747747824e-15,3.522113674282724,0.8121192283081126,0.47676810178433726,0.07446058658451962,True,0.42857975027303247
0.039372138989106346,,,3,3,,,,,,,,9.939667334748332,2.291860999398058,0.7432318764107346,0.11811641696731905,2.8198189205121363e-15,1.1740378914275749,0.2707064094360376,0.1589227005947791,0.013602094542486683,True,0.08248021139645263
0.014147701642282596,0.04244310492696196,0.0,10,3,,0.99999999999731,,1.00000247218264,,0.042443,16,8.29843547109292,1.9134302961760907,0.8902253478788023,0.04244310492684779,2.0762843041645183e-14,0.3522113674282724,0.08121192283081126,0.047676810178433726,0.0017445684171953132,True,0.013552881698889534
0.001565958996342216,0.004697876989077156,0.0,100,3,,0.9999999999892489,,1.0001867125881732,,0.004697,16,7.497245420664941,1.728694110563281,0.9853589137873365,0.004697876989026649,8.59076169147678e-13,0.035221136742827244,0.008121192283081127,0.004767681017843373,2.32680096055747e-05,True,0.00042857975027303245
0.0001586748808538532,0.00047602464199728684,0.0,1000,3,,1.0000000011853856,,0.9998207190807997,,0.00047611,16,7.399015427709173,1.706044510506805,0.9984406271728431,0.0004760246425615596,8.379936472747393e-11,0.003522113674282724,0.0008121192283081127,0.0004767681017843373,2.4781974092589554e-07,True,1.3552881698889536e-05
1.5889783393142945e-05,,,10000,3,,,,,,,,7.388633704939095,1.7036507215879217,0.9998435298213749,4.766935017942884e-05,,0.0003522113674282724,8.121192283081127e-05,4.767681017843373e-05,2.486666334965208e-09,True,4.285797502730324e-07
1.5892015886888502e-06,,,100000,3,,,,,,,,7.387595757415516,1.703411394519057,0.9999840065271698,4.767604766066551e-06,,3.5221136742827247e-05,8.121192283081126e-06,4.767681017843373e-06,2.541725894070413e-11,True,1.3552881698889534e-08
0.09665840031749019,0.16404335291050479,4.131651231976359e-05,1,5,,0.9999475252437051,,1.0000289262667743,,0.16403,12,17.064795752149458,3.3636733311319302,0.536904001135677,0.164034744775539,1.6920546713203316e-15,2.7992194158505384,0.5517592963805134,0.3055196914691775,0.08337080436907417,True,0.7276844835761027
0.04336294505023408,,,3,5,,,,,,,,12.679457520214134,2.499271232624768,0.7225985104871755,0.07358935799337636,6.159309775120791e-11,0.9330731386168462,0.18391976546017108,0.10183989715639251,0.01664678984528737,True,0.14004294415925891
0.015583254469888138,0.026447020764751347,0.00010241318416773862,10,5,,0.9999485392290081,,1.0003275629107824,,0.026437,12,10.584797048233717,2.0863888477600514,0.8655959180078032,0.026445659780672353,4.1587719606568046e-14,0.27992194158505385,0.055175929638051326,0.03055196914691775,0.002419665998768297,True,0.023011403860638734
0.0017624930567353633,0.002990895212540027,0.00011564426079754936,100,5,,1.0000517198889485,,1.009875717910823,,0.0029618,12,9.358651671529012,1.8447010734898652,0.9790039676084282,0.0029910499013082762,1.358293079283184e-12,0.027992194158505384,0.005517592963805133,0.003055196914691775,3.7798990130280194e-05,True,0.0007276844835761027
0.00017960697713295434,0.0003047250605618125,0.00011558120417480504,1000,5,,1.0002562539095194,,1.0480097220117937,,0.00029084,12,9.183695897996525,1.810215218627837,0.9976546718942344,0.00030480314754991004,1.3080970440429576e-10,0.0027992194158505384,0.0005517592963805133,0.0003055196914691775,4.22227553610019e-07,True,2.3011403860638735e-05
1.7998659790723375e-05,,,10000,5,,,,,,,,9.164326001637125,1.8063971826690595,0.9997633340690206,3.054473853669635e-05,,0.00027992194158505383,5.517592963805133e-05,3.055196914691775e-05,4.2606779330615116e-09,True,7.276844835761027e-07
1.8002500075322354e-06,,,100000,5,,,,,,,,9.162371072051965,1.8060118428967378,0.9999766486034967,3.0551255715772245e-06,,2.7992194158505387e-05,5.517592963805133e-06,3.0551969146917752e-06,4.2039333408186064e-11,True,2.3011403860638734e-08
0.10530652075927066,0.07837470835392453,5.9307254644726556e-05,1,10,,0.9999399010638916,,1.0013415718052086,,0.078265,6,24.642694686026125,3.992992546057406,0.5156118768982411,0.07836999811733465,2.1249643702229204e-15,1.93124793614992,0.3129308183170502,0.1519941677619684,0.09892950536324921,True,1.5352638222110297
0.045453312113820116,,,3,10,,,,,,,,19.030783594824516,3.0836634551519477,0.6676585856584327,0.033826737025428794,1.435913173973507e-14,0.6437493120499733,0.10431027277235007,0.050664722587322804,0.02262536326035318,True,0.29546166034354393
0.016549690060789362,0.012318084873632179,0.00013437492068186553,10,10,,0.9998647201811601,,1.0644212674221778,,0.011571,6,15.680272137946037,2.5407614940128456,0.8103217818614091,0.01231641848534202,6.295835065075737e-14,0.193124793614992,0.03129308183170502,0.01519941677619684,0.0038739125514626258,True,0.048549304874426574
0.001966312549422727,0.0014635209272292936,0.00015248442111928087,100,10,,0.9998807013254281,,1.1839371611023195,,0.001236,6,13.197476872536026,2.138460401762959,0.9627647906952267,0.0014633463311224668,2.6988244337663783e-12,0.0193124793614992,0.003129308183170502,0.0015199416776196838,7.604771180247166e-05,True,0.0015352638222110298
0.00020331414973687227,0.00015137311299909665,0.00015092558786091462,1000,10,,0.9995705089711949,,1.215326101245472,,0.0001245,6,12.763678489061665,2.0681696428271223,0.9954862205108977,0.00015130809960506124,2.551765741998026e-10,0.00193124793614992,0.0003129308183170502,0.0001519941677619684,9.218763856475921e-07,True,4.854930487442658e-05
2.041421226670325e-05,,,10000,10,,,,,,,,12.71191072971761,2.0597814255554083,0.9995402209038721,1.5192428402089808e-05,,0.00019312479361499198,3.129308183170502e-05,1.5199416776196838e-05,9.390345548737048e-09,True,1.5352638222110298e-06
2.042276100951669e-06,,,100000,10,,,,,,,,12.706589663900646,2.058919223737996,0.9999587926404917,1.5198790448365427e-06,,1.93124793614992e-05,3.1293081831705018e-06,1.519941677619684e-06,8.416027352974305e-11,True,4.854930487442658e-08
0.0951205604211486,0.03664615135482739,7.092992410995785e-05,1,20,,1.0000953506415362,,0.9910934743738042,,0.036979,4,38.48506917938863,5.186819623319604,0.46472144487084716,0.03664964558886891,3.975939457005509e-15,1.4104641458876952,0.190095100928054,0.07886368488773823,0.10956239852339501,True,2.978639495185094
0.04042102180627857,,,3,20,,,,,,,,30.18826330627712,4.06861881372938,0.5924433868072548,0.01557408952366392,3.08537075066543e-14,0.4701547152958984,0.06336503364268467,0.02628789496257941,0.027806631175235963,True,0.5732394381213217
0.015051836302717786,0.005798972705465796,0.00014714321665750172,10,20,,1.0000778321719772,,1.0678372403068863,,0.005431,4,24.32076242769883,3.2778272328439244,0.735373202553511,0.005799424052106699,8.85395074192943e-14,0.14104641458876954,0.019009510092805403,0.007886368488773823,0.005416459591736577,True,0.09419285133319041
0.0019125553551287142,0.0007368956343803342,0.00017361235525526755,100,20,,1.0000078497587326,,1.253681448873365,,0.00058779,4,19.140472658077677,2.579654429611883,0.9343989186940073,0.0007369014188332752,5.780880111016059e-12,0.014104641458876951,0.00190095100928054,0.0007886368488773823,0.00013427423431672182,True,0.0029786394951850943
0.00020287129546717062,7.81695843213458e-05,0.0001711415323796516,1000,20,,0.9999497562011627,,1.318072555932684,,5.9303e-05,4,18.04455055980313,2.4319516875831804,0.9911489286322861,7.816565678447596e-05,5.126460180133787e-10,0.0014104641458876953,0.000190095100928054,7.886368488773823e-05,1.811663477373004e-06,True,9.419285133319042e-05
2.044965250034086e-05,,,10000,20,,,,,,,,17.901142076272944,2.4126238299909883,0.9990891574848423,7.879185249064048e-06,,0.00014104641458876954,1.90095100928054e-05,7.886368488773824e-06,1.8643394113497958e-08,True,2.978639495185094e-06
2.046696392818859e-06,,,100000,20,,,,,,,,17.88600087943825,2.4105831773810977,0.9999349253952239,7.885855286461297e-07,,1.4104641458876953e-05,1.90095100928054e-06,7.886368488773824e-07,1.331966265773115e-10,True,9.419285133319042e-08
0.07823034213830046,,,1,50,,,,,,,,73.87606080527294,7.86883050841154,0.3826195747525833,0.012326576601091049,2.1813204710268528e-14,0.910638922503057,0.09699574202293708,0.03221627280585917,0.12622951120006376,True,7.308766514107288
0.033253578134169764,,,3,50,,,,,,,,57.93210672756457,6.170577097173493,0.4879233393433648,0.00523969046954388,5.297178483530738e-14,0.303546307501019,0.03233191400764569,0.010738757601953058,0.03489970631195165,True,1.4065727714546552
0.01273565124704476,,,10,50,,,,,,,,45.379300991517475,4.833528266127529,0.6228925160172303,0.0020067275224739094,3.2460244748437695e-13,0.09106389225030569,0.009699574202293709,0.0032216272805859173,0.007710334086791663,True,0.23112349070948193
0.0017845931826337507,,,100,50,,,,,,,,32.38468895245398,3.449420903832212,0.8728330542624404,0.0002811942779009006,1.656256623319367e-11,0.00910638922503057,0.0009699574202293709,0.00032216272805859174,0.0002600053507498916,True,0.0073087665141072875
0.00020021500993462924,,,1000,50,,,,,,,,28.865715485134526,3.074601165528602,0.9792387437708364,3.1547422511388094e-05,1.3158351591144186e-09,0.0009106389225030569,9.699574202293709e-05,3.221627280585917e-05,4.2448434037349895e-06,True,0.00023112349070948196
2.0402048505285775e-05,,,10000,50,,,,,,,,28.327300129342763,3.01725242316646,0.9978510779581782,3.2147042547121314e-06,,9.10638922503057e-05,9.699574202293707e-06,3.2216272805859173e-06,4.393682855064753e-08,True,7.308766514107287e-06
2.044542010612999e-06,,,100000,50,,,,,,,,28.26720841453199,3.0108518176976307,0.9999723550762065,3.2215382189452545e-07,,9.10638922503057e-06,9.699574202293707e-07,3.221627280585917e-07,5.652277064354389e-11,True,2.3112349070948195e-07
0.06617502714037922,,,1,100,,,,,,,,123.44688827572222,11.03434381166657,0.32413673227268053,0.005253300836884789,2.394065291773747e-14,0.6485036414896745,0.05796672758030248,0.0162070518822453,0.13798272652238486,True,14.52564487897761
0.028258197463153636,,,3,100,,,,,,,,96.36261233214557,8.61340621797066,0.4152406208852345,0.0022432754287675825,1.320408674407713e-13,0.2161678804965582,0.019322242526767494,0.0054023506274151,0.039794387091101044,True,2.7954616603435443
0.010997638748004118,,,10,100,,,,,,,,74.2805011987126,6.6395888967150265,0.5386833735529074,0.0008730469383274895,8.765048701805571e-13,0.06485036414896746,0.005796672758030248,0.00162070518822453,0.009418136618272288,True,0.45934122300330116
0.0016481056971410263,,,100,100,,,,,,,,49.56660969143085,4.430528955029931,0.8072706853267172,0.00013083477880105823,3.8839007477059197e-11,0.006485036414896745,0.0005796672758030248,0.000162070518822453,0.0003934718394866142,True,0.01452564487897761
0.00019646628408342544,,,1000,100,,,,,,,,41.580168425094435,3.7166580750478637,0.962325851253028,1.5596464998883702e-05,2.733046393780785e-09,0.0006485036414896746,5.796672758030248e-05,1.62070518822453e-05,7.69146957933862e-06,True,0.0004593412230033012
2.0338239412106216e-05,,,10000,100,,,,,,,,40.166216045124685,3.59027144099142,0.9962021548151305,1.6145500008293385e-06,,6.485036414896745e-05,5.796672758030248e-06,1.6207051882245302e-06,7.753595417019039e-08,True,1.452564487897761e-05
2.0423699984573554e-06,,,100000,100,,,,,,,,39.99814523426985,3.5752483720620876,1.0003881615150525,1.621334283605845e-07,,6.485036414896744e-06,5.796672758030248e-07,1.6207051882245302e-07,7.924618297146467e-10,True,4.593412230033012e-07
