problem,method,variant,d,n_seeds,mean_share,min_share,max_share,mean_eta,min_eta,max_eta,mean_rel_err
laplace,pinn,primary_all_seeds,2,3,0.19144504921347863,0.1855612786141868,0.19923603456238148,5.386060572931755,5.237322378585686,5.492057771750733,0.0060786100592920495
laplace,pinn,primary_all_seeds,3,3,0.3906894580020211,0.3670794148071101,0.43659771976829326,3.965979727587086,3.812043320679522,4.07211528187312,0.006704144305977843
laplace,pinn,primary_all_seeds,5,3,0.5714258598027482,0.5462968848661807,0.5953869240736469,2.981804992773816,2.886296869550639,3.0861565373235376,0.007603041606846997
laplace,pinn,primary_all_seeds,10,3,0.8376684321964339,0.8237234112437019,0.8574285464607935,2.1974117709986754,2.1450942393446524,2.232100383550774,0.012540473087796364
laplace,pinn,primary_all_seeds,20,3,0.9794915570260269,0.9772566152273642,0.981679578216383,1.9312447564487811,1.9273155040886487,1.9367216301721921,0.046343425965637536
laplace,pinn,sensitivity_confirmatory_only,2,3,0.19144504921347863,0.1855612786141868,0.19923603456238148,5.386060572931755,5.237322378585686,5.492057771750733,0.0060786100592920495
laplace,pinn,sensitivity_confirmatory_only,3,3,0.3906894580020211,0.3670794148071101,0.43659771976829326,3.965979727587086,3.812043320679522,4.07211528187312,0.006704144305977843
laplace,pinn,sensitivity_confirmatory_only,5,3,0.5714258598027482,0.5462968848661807,0.5953869240736469,2.981804992773816,2.886296869550639,3.0861565373235376,0.007603041606846997
laplace,pinn,sensitivity_confirmatory_only,10,3,0.8376684321964339,0.8237234112437019,0.8574285464607935,2.1974117709986754,2.1450942393446524,2.232100383550774,0.012540473087796364
laplace,pinn,sensitivity_confirmatory_only,20,2,0.9783975464308488,0.9772566152273642,0.9795384776343333,1.933209382628847,1.929697135085502,1.9367216301721921,0.04577103296954714
laplace,ritz,primary_all_seeds,2,3,0.1967440737086282,0.18892029377589226,0.20879361864047366,4.44174204776037,3.861024612891492,4.793731883163674,0.018813578549149456
laplace,ritz,primary_all_seeds,3,3,0.2816302839646226,0.2726278719931554,0.28831239868572983,4.2739793007043145,3.623918740417665,4.626491729254786,0.014210886570856807
laplace,ritz,primary_all_seeds,5,3,0.45287046683887966,0.43456429688954146,0.47397294979911825,3.1992240199577373,3.1408158306144465,3.244760405909189,0.011135971044905074
laplace,ritz,primary_all_seeds,10,3,0.7084165233406735,0.7004748025339949,0.7213854349151717,2.130816098493663,2.1255162754902024,2.134159785219874,0.018876628542360385
laplace,ritz,primary_all_seeds,20,3,0.8681200500807899,0.8588422232454591,0.8809495028532034,2.0684390304028413,2.05754179486507,2.077523078505468,0.04594063070519564
laplace,ritz,sensitivity_confirmatory_only,2,3,0.1967440737086282,0.18892029377589226,0.20879361864047366,4.44174204776037,3.861024612891492,4.793731883163674,0.018813578549149456
laplace,ritz,sensitivity_confirmatory_only,3,3,0.2816302839646226,0.2726278719931554,0.28831239868572983,4.2739793007043145,3.623918740417665,4.626491729254786,0.014210886570856807
laplace,ritz,sensitivity_confirmatory_only,5,3,0.45287046683887966,0.43456429688954146,0.47397294979911825,3.1992240199577373,3.1408158306144465,3.244760405909189,0.011135971044905074
laplace,ritz,sensitivity_confirmatory_only,10,3,0.7084165233406735,0.7004748025339949,0.7213854349151717,2.130816098493663,2.1255162754902024,2.134159785219874,0.018876628542360385
laplace,ritz,sensitivity_confirmatory_only,20,1,0.8645684241437072,0.8645684241437072,0.8645684241437072,2.0702522178379867,2.0702522178379867,2.0702522178379867,0.047355733625182646
poisson,pinn,primary_all_seeds,2,3,0.2864015751697151,0.25005897418893147,0.35666778627699597,9.914077696422561,8.024559796728433,11.022760852069537,0.001340577277380876
poisson,pinn,primary_all_seeds,3,3,0.4494446748947871,0.41724204308593105,0.466462098942911,5.4320387606727225,5.205301360849921,5.85561362987044,0.0037533645022951815
poisson,pinn,primary_all_seeds,5,3,0.46587561195413624,0.449461973484638,0.48610897379984697,4.097598157747697,4.034338103705667,4.129441518853069,0.009257083097397307
poisson,pinn,primary_all_seeds,10,3,0.7364024193273025,0.7196329727544737,0.7616317888580575,2.64656700699537,2.4772873205830113,2.7600801309129768,0.021810440729312028
poisson,pinn,primary_all_seeds,20,3,0.9393704954363864,0.9386069921687529,0.9399590915946558,2.014038023173086,2.012621032138186,2.0167649753269723,0.14491395266641183
poisson,pinn,sensitivity_confirmatory_only,2,3,0.2864015751697151,0.25005897418893147,0.35666778627699597,9.914077696422561,8.024559796728433,11.022760852069537,0.001340577277380876
poisson,pinn,sensitivity_confirmatory_only,3,3,0.4494446748947871,0.41724204308593105,0.466462098942911,5.4320387606727225,5.205301360849921,5.85561362987044,0.0037533645022951815
poisson,pinn,sensitivity_confirmatory_only,5,3,0.46587561195413624,0.449461973484638,0.48610897379984697,4.097598157747697,4.034338103705667,4.129441518853069,0.009257083097397307
poisson,pinn,sensitivity_confirmatory_only,10,2,0.7406323808062656,0.7196329727544737,0.7616317888580575,2.618683725747994,2.4772873205830113,2.7600801309129768,0.02208036316069088
poisson,pinn,sensitivity_confirmatory_only,20,2,0.9390761973572517,0.9386069921687529,0.9395454025457504,2.014693003732579,2.012621032138186,2.0167649753269723,0.14581963786725438
poisson,ritz,primary_all_seeds,2,3,0.05594077548918708,0.049506301170737683,0.06551675673737523,19.19324985720894,14.697821755635774,24.816896897168665,0.005733303041699362
poisson,ritz,primary_all_seeds,3,3,0.14436494200432146,0.14032849022899443,0.1485765937704589,7.604900673750667,7.06691698360054,8.308933666930104,0.014243296471742578
poisson,ritz,primary_all_seeds,5,3,0.22808949513193413,0.21860425535808373,0.2381427443826558,5.2680644726293275,5.109115378905146,5.388293787661188,0.015074540579123885
poisson,ritz,primary_all_seeds,10,3,0.6740212896069768,0.6449833788789802,0.7008232062626433,2.2461860584469058,2.213375549610975,2.267890391072367,0.07509368972504889
poisson,ritz,primary_all_seeds,20,3,0.8380473346919736,0.8378467018580413,0.8382636760067695,2.185705083479675,2.1841792872648678,2.1869954220175054,0.1270375972136298
poisson,ritz,sensitivity_confirmatory_only,2,3,0.05594077548918708,0.049506301170737683,0.06551675673737523,19.19324985720894,14.697821755635774,24.816896897168665,0.005733303041699362
poisson,ritz,sensitivity_confirmatory_only,3,3,0.14436494200432146,0.14032849022899443,0.1485765937704589,7.604900673750667,7.06691698360054,8.308933666930104,0.014243296471742578
poisson,ritz,sensitivity_confirmatory_only,5,3,0.22808949513193413,0.21860425535808373,0.2381427443826558,5.2680644726293275,5.109115378905146,5.388293787661188,0.015074540579123885
poisson,ritz,sensitivity_confirmatory_only,10,2,0.6729032925708117,0.6449833788789802,0.7008232062626433,2.2406329703416707,2.213375549610975,2.267890391072367,0.07643157587081198
poisson,ritz,sensitivity_confirmatory_only,20,2,0.8379391640345756,0.8378467018580413,0.8380316262111098,2.186467981587079,2.185940541156653,2.1869954220175054,0.1270883446765618
